BP,SU
-54,1.8
-53,0.76
-52,0.46
-51,0.06
-50,-0.11
-49,1.06
-48,0.03
-47,-0.84
-46,-0.89
-45,-0.8
-44,-0.74
-43,-0.36
-42,-0.34
-41,-0.16
-40,-0.54
-39,-0.28
-38,-0.8
-37,-0.86
-36,-0.81
-35,-0.64
-34,-0.52
-33,-0.33
-32,-0.15
-31,-0.19
-30,0.23
-29,1.17
-28,1.11
-27,0.79
-26,0.62
-25,0.77
-24,0.93
-23,0.4
-22,-0.04
-21,-0.03
-20,0.57
-19,1.45
-18,1.68
-17,1.21
-16,1.44
-15,1.35
-14,1.21
-13,1.42
-12,1.12
-11,1.4
-10,1.23
-9,0.89
-8,0.95
-7,1.55
-6,1.25
-5,1.51
-4,1.09
-3,0.81
-2,0.97
-1,0.87
0,0.78
1,1.14
2,1.82
3,1.39
4,1.3
5,0.71
6,1.01
7,0.9
8,1.1
9,1.44
10,3.22
11,1.16
12,0.88
13,1.36
14,1
15,0.84
16,1.06
17,0.62
18,0.64
19,0.52
20,0.65
21,1.04
22,0.45
23,0.31
24,0.25
25,-0.01
26,-0.52
27,-0.39
28,-0.5
29,-0.53
30,-0.12
31,-0.07
32,-0.36
33,-0.33
34,-0.65
35,-0.3
36,-0.35
37,-0.22
38,-0.44
39,-0.33
40,-0.34
41,-0.07
42,-0.33
43,-0.5
44,-0.6
45,-0.63
46,-0.42
47,-0.59
48,-0.19
49,-0.1
50,-0.49
51,-0.66
52,-0.61
53,-0.2
54,-0.01
55,-0.04
56,-0.19
57,-0.34
58,-0.54
59,0
60,-0.04
61,-0.05
62,0.14
63,-0.04
64,-0.08
65,0.02
66,0.37
67,0.37
68,0.63
69,0.5
70,0.8
71,0.89
72,0.54
73,0.84
74,0.59
75,0.47
76,0.12
77,0.82
78,-0.86
79,0.69
80,0.21
81,1.02
82,0.68
83,0.21
84,0.18
85,0.09
86,0.1
87,0.42
88,0.16
89,0.52
90,0.09
91,0.1
92,0.17
93,0.63
94,0.36
95,-0.02
96,0.04
97,0.12
98,0.19
99,0.3
100,0.69
101,0.7
102,0.9
103,0.3
104,0.83
105,0.56
106,0.1
107,0.51
108,0.54
109,0.43
110,0.9
111,0.71
112,0.09
113,0.71
114,0.63
115,-0.69
116,-0.4
117,-0.23
118,-0.26
119,-0.47
120,-0.51
121,-0.49
122,-0.24
123,-0.43
124,-0.35
125,-0.6
126,-0.21
127,-0.6
128,-0.14
129,0.33
130,0.05
131,-0.01
132,0.27
133,0.18
134,0.49
135,0.35
136,0.37
137,-0.07
138,-0.09
139,-0.28
140,0.08
141,0.55
142,0.45
143,0.65
144,0.65
145,-0.07
146,0.46
147,0.7
148,0.45
149,0.62
150,1.04
151,0.74
152,0.95
153,0.85
154,0.5
155,1.18
156,1.13
157,1.4
158,1.39
159,1.1
160,0.96
161,0.89
162,1.65
163,1.37
164,1.6
165,0.94
166,0.94
167,0.74
168,1.44
169,0.39
170,0.85
171,1.12
172,0.99
173,0.79
174,1.01
175,0.62
176,1.47
177,1.1
178,1.28
179,1.06
180,0.85
181,0.95
182,1.03
183,1.31
184,1.38
185,1.66
186,1.79
187,1.79
188,1.36
189,0.93
190,0.53
191,0.88
192,1.01
193,1.31
194,0.16
195,1.34
196,1.09
197,0.96
198,0.4
199,0.76
200,0.91
201,0.35
202,0.82
203,0.35
204,-0.06
205,1.05
206,0.75
207,0.43
208,-0.13
209,-0.23
210,-0.15
211,0.5
212,0.29
213,0.22
214,0.35
215,-0.07
216,-0.03
217,1.44
218,1.21
219,1
220,0.54
221,0.75
222,0.29
223,0.39
224,0.29
225,0.48
226,-0.01
227,0.93
228,0.14
229,0.06
230,0.19
231,-0.03
232,0.43
233,-0.08
234,0.09
235,-0.2
236,-0.7
237,-0.52
238,-0.22
239,-0.32
240,0.54
241,-0.49
242,-0.29
243,0.16
244,-0.34
245,-0.52
246,-0.53
247,-0.37
248,-0.43
249,-0.24
250,-0.13
251,-0.47
252,0.15
253,0.08
254,0.03
255,-0.45
256,-0.21
257,0.47
258,0.38
259,-0.06
260,-0.05
261,-0.15
262,-0.05
263,0.41
264,0.37
265,-0.07
266,0.04
267,0.46
268,0.17
269,0.53
270,0.52
271,0.28
272,0.68
273,1.02
274,0.27
275,0.61
276,0.46
277,0.39
278,0.64
279,0.37
280,0.18
281,-0.1
282,0.32
283,-0.29
284,0.02
285,0.64
286,-0.01
287,-0.21
288,-0.01
289,-0.58
290,0.01
291,-0.01
292,-0.03
293,-0.09
294,-0.03
295,-0.52
296,-0.24
297,-0.35
298,-0.48
299,-0.47
300,-0.66
301,-0.57
302,-0.59
303,-0.72
304,-0.81
305,-0.63
306,-0.38
307,-0.45
308,-0.51
309,-0.41
310,-0.83
311,0.62
312,-0.59
313,-0.71
314,-0.79
315,-0.9
316,0.09
317,-0.4
318,-0.55
319,-0.28
320,0.27
321,-0.16
322,0.11
323,-0.1
324,0.07
325,-0.4
326,0.23
327,-0.02
328,-0.36
329,0.66
330,-0.12
331,1.68
332,0.02
333,0.97
334,0.35
335,2.99
336,2.89
337,1.34
338,1.27
339,2.37
340,1.88
341,3.22
342,1.9
343,2.67
344,1.48
345,1.53
346,2.31
347,1.48
348,1.83
349,1.03
350,0.95
351,0.39
352,0.3
353,0.46
354,0.35
355,0.92
356,0.31
357,-0.2
358,0.54
359,1.42
360,1.37
361,2.41
362,2.62
363,1
364,1.07
365,0.79
366,1.09
367,1.32
368,2.08
369,2.21
370,1.07
371,1.38
372,1.93
373,1.32
374,0.58
375,0.39
376,0.25
377,0.23
378,-0.03
379,0.22
380,0.68
381,-0.16
382,-0.07
383,0.4
384,1.17
385,0.6
386,0.78
387,1.55
388,0.71
389,2.16
390,1.65
391,1.33
392,0.97
393,1.16
394,0.48
395,0.78
396,0.68
397,0.58
398,0.45
399,0.7
400,0.65
401,1.07
402,0.61
403,0.69
404,0.85
405,0.78
406,1.48
407,2.75
408,1.2
409,0.35
410,1.32
411,1.07
412,1.41
413,1.07
414,0.44
415,1.06
416,1.53
417,0.86
418,1.04
419,0.58
420,1.27
421,0.92
422,0.7
423,1.09
424,0.93
425,1
426,1.3
427,0.72
428,0.93
429,0.95
430,0.84
431,0.83
432,-0.08
433,0.61
434,0.59
435,0.43
436,0.9
437,0.59
438,0.48
439,0.84
440,1.06
441,1.15
442,0.7
443,1.53
444,0.92
445,1.78
446,1.26
447,1.57
448,1.64
449,1.43
450,1.12
451,1.56
452,1.88
453,1.4
454,0.69
455,0.8
456,0.83
457,0.95
458,0.34
459,0.38
460,0.58
461,0.77
462,0.62
463,0.48
464,0.9
465,0.32
466,0.93
467,0.59
468,0.53
469,0.76
470,1.43
471,1.19
472,0.92
473,1.28
474,0.66
475,0.58
476,0.25
477,0.43
478,0.25
479,-0.15
480,0.49
481,0.33
482,0.56
483,0.94
484,0.82
485,1.15
486,-0.07
487,1.34
488,0.64
489,0.73
490,1.1
491,0.55
492,0.12
493,0.29
494,0.32
495,0.14
496,0.77
497,0.97
498,1.84
499,1.2
500,0.78
501,-0.07
502,1.08
503,0.63
504,0.46
505,0.25
506,0.49
507,0.55
508,0.33
509,0.11
510,0.27
511,-0.05
512,0.82
513,-0.43
514,0.17
515,1.03
516,0.22
517,-0.65
518,-0.16
519,-0.43
520,-0.05
521,-0.54
522,0.44
523,0.38
524,0
525,-0.16
526,-0.59
527,-0.26
528,-0.27
529,-0.37
530,-0.36
531,-0.42
532,-0.63
533,-0.5
534,-0.14
535,-0.58
536,-0.38
537,-0.56
538,-0.57
539,-0.06
540,-0.37
541,-0.58
542,-0.76
543,-0.8
544,-0.59
545,-0.26
546,-0.3
547,-0.49
548,-0.32
549,-0.39
550,-0.28
551,-0.25
552,-0.62
553,-0.2
554,-0.07
555,-0.43
556,-0.37
557,-0.54
558,-0.87
559,-0.58
560,-0.76
561,-0.63
562,-0.49
563,-0.9
564,-0.86
565,-0.62
566,-0.35
567,-0.38
568,-0.63
569,-0.7
570,-0.4
571,-0.52
572,-0.54
573,-0.33
574,-0.61
575,-0.62
576,-0.86
577,-0.9
578,-0.73
579,-0.9
580,-0.56
581,-0.45
582,-0.39
583,-0.36
584,-0.49
585,-0.38
586,-0.3
587,-0.24
588,-0.68
589,-0.46
590,-0.56
591,-0.16
592,-0.13
593,-0.16
594,-0.6
595,-0.7
596,-0.83
597,-0.47
598,-0.26
599,-0.48
600,-0.62
601,-1.08
602,-0.99
603,-0.49
604,-0.41
605,-0.43
606,-0.52
607,-0.4
608,0.01
609,-0.21
610,-0.48
611,-0.3
612,-0.66
613,-0.59
614,-0.49
615,-0.89
616,-1
617,-0.7
618,-0.67
619,-0.81
620,-0.97
621,-1.1
622,-1.03
623,-1.13
624,-1.11
625,-1.14
626,-0.92
627,-1.03
628,-0.92
629,-0.79
630,-0.97
631,-1.06
632,-1.09
633,-1.15
634,-1.12
635,-1.26
636,-1.15
637,-1.09
638,-1.12
639,-1.17
640,-1.29
641,-1.17
642,-1.03
643,-1.16
644,-1.06
645,-1.06
646,-1.07
647,-1.1
648,-1.2
649,-1.05
650,-1.17
651,-1.12
652,-1
653,-0.99
654,-1.05
655,-1.06
656,-1.12
657,-0.9
658,-0.99
659,-1.24
660,-1.13
661,-1
662,-1.33
663,-1.23
664,-1.04
665,-1.24
666,-1.29
667,-1.18
668,-1.06
669,-1.17
670,-1.29
671,-1
672,-1.15
673,-1.23
674,-1.15
675,-1.13
676,-1.27
677,-1.4
678,-1.42
679,-1.35
680,-1.26
681,-1.37
682,-1.23
683,-1.26
684,-1.36
685,-1.33
686,-1.19
687,-1.23
688,-1.31
689,-1.29
690,-1.38
691,-1.23
692,-1.16
693,-1.18
694,-1.15
695,-1.23
696,-1.16
697,-1.22
698,-1.31
699,-1.35
700,-1.33
701,-1.24
702,-1.33
703,-1.38
704,-1.37
705,-1.48
706,-1.48
707,-1.31
708,-1.14
709,-0.99
710,-1.09
711,-1.07
712,-1.06
713,-1.17
714,-1.01
715,-1.02
716,-0.97
717,-0.85
718,-0.86
719,-0.86
720,-0.72
721,-0.53
722,-0.85
723,-1.06
724,-1.09
725,-0.84
726,-1
727,-1
728,-0.93
729,-1.22
730,-1.09
731,-1.08
732,-1.2
733,-1.04
734,-1.09
735,-1.06
736,-1.08
737,-1.31
738,-1.35
739,-1.14
740,-0.94
741,-1.11
742,-1.05
743,-1.01
744,-1.13
745,-1.03
746,-1.16
747,-1.09
748,-1
749,-0.95
750,-1.15
751,-1.15
752,-1.14
753,-1.12
754,-1.08
755,-1.19
756,-1.11
757,-1.24
758,-1.27
759,-1.19
760,-1.15
761,-1.16
762,-1.24
763,-1.13
764,-1.14
765,-1.29
766,-1.08
767,-1
768,-1.14
769,-0.94
770,-1.22
771,-1.26
772,-1.06
773,-1.06
774,-1.03
775,-1.15
776,-1.19
777,-1.16
778,-1.1
779,-1.05
780,-0.84
781,-0.98
782,-1.03
783,-0.98
784,-1.08
785,-0.97
786,-0.93
787,-1
788,-0.78
789,-0.87
790,-1.04
791,-1.01
792,-0.86
793,-0.5
794,-0.98
795,-0.92
796,-0.75
797,-0.73
798,-0.89
799,-0.87
800,-0.9
801,-0.78
802,-1.08
803,-0.87
804,-0.82
805,-1.04
806,-0.81
807,-0.9
808,-1.1
809,-1.21
810,-0.91
811,-0.87
812,-0.82
813,-0.87
814,-0.82
815,-0.99
816,-0.78
817,-0.59
818,-0.74
819,-0.81
820,-0.71
821,-0.59
822,-0.63
823,-0.69
824,-0.64
825,-0.76
826,-0.8
827,-0.77
828,-0.61
829,-0.27
830,-0.4
831,-0.69
832,-0.71
833,-0.83
834,-0.91
835,-0.66
836,-0.69
837,-0.59
838,-0.7
839,-0.69
840,-0.16
841,-0.38
842,-0.24
843,-0.28
844,-0.37
845,-0.58
846,-0.78
847,-0.62
848,-0.65
849,-0.75
850,-0.29
851,-0.6
852,-0.5
853,-0.71
854,-0.58
855,-0.49
856,-0.73
857,-0.69
858,-0.68
859,-0.87
860,-0.86
861,-0.66
862,-0.54
863,-0.55
864,-0.5
865,-0.37
866,-0.35
867,-0.57
868,-0.07
869,-0.27
870,0.27
871,-0.44
872,0.12
873,0.05
874,0.79
875,0.28
876,0.56
877,-0.38
878,-0.31
879,-0.3
880,-0.34
881,0.07
882,-0.27
883,-0.02
884,-0.23
885,-0.39
886,-0.45
887,-0.16
888,-0.2
889,-0.63
890,-0.38
891,0.05
892,0.01
893,0.01
894,-0.22
895,-0.13
896,-0.03
897,0.29
898,0.15
899,0.38
900,-0.24
901,0.23
902,0.1
903,-0.05
904,0.36
905,0.46
906,0.03
907,-0.54
908,0.34
909,0.17
910,0.06
911,0.38
912,-0.05
913,0.14
914,-0.41
915,0.53
916,0.11
917,-0.19
918,-0.07
919,-0.04
920,-0.76
921,-0.71
922,-0.72
923,-0.6
924,-0.73
925,-0.65
926,-0.59
927,-0.94
928,-0.95
929,-0.84
930,-1.09
931,-0.8
932,-0.66
933,-0.48
934,-0.92
935,-0.93
936,-0.84
937,-0.75
938,-0.91
939,-0.83
940,-0.82
941,-0.87
942,-0.52
943,-0.67
944,-0.86
945,-0.9
946,-0.67
947,-1.05
948,-0.81
949,-0.82
950,-0.88
951,-0.55
952,-0.59
953,-0.53
954,-0.87
955,-0.72
956,-0.84
957,-0.39
958,-0.53
959,-0.32
960,-0.41
961,-0.83
962,-0.37
963,-0.48
964,-0.55
965,-0.38
966,0.17
967,-0.08
968,-0.36
969,-0.15
970,-0.43
971,-0.34
972,-0.7
973,-0.27
974,-0.18
975,-0.39
976,-0.26
977,-0.21
978,0.07
979,0.09
980,0.04
981,-0.17
982,-0.12
983,-0.47
984,-0.79
985,-0.6
986,-0.58
987,-0.59
988,-0.18
989,-0.57
990,-0.31
991,-0.56
992,-0.42
993,-0.57
994,-0.61
995,-0.58
996,-0.76
997,-0.9
998,-0.66
999,-0.58
1000,-0.43
1001,-0.73
1002,-0.67
1003,-0.51
1004,-0.53
1005,-0.46
1006,-0.5
1007,-0.35
1008,-0.6
1009,-0.84
1010,-0.67
1011,-0.55
1012,-0.37
1013,-0.62
1014,-0.71
1015,-0.53
1016,-0.52
1017,-0.37
1018,-0.42
1019,-0.57
1020,-0.61
1021,-0.55
1022,-0.43
1023,-0.51
1024,-0.13
1025,0.05
1026,-0.29
1027,-0.57
1028,-0.36
1029,0.09
1030,-0.24
1031,-0.49
1032,-0.48
1033,-0.64
1034,-0.37
1035,-0.62
1036,-0.52
1037,-0.4
1038,0.31
1039,0.48
1040,0.14
1041,0.07
1042,0.41
1043,-0.12
1044,-0.1
1045,0.26
1046,0.27
1047,-0.16
1048,0.2
1049,0.45
1050,-0.07
1051,0.37
1052,0.26
1053,-0.21
1054,-0.26
1055,0.64
1056,0.41
1057,0.29
1058,0.29
1059,0.25
1060,0.24
1061,0.36
1062,0.39
1063,0.19
1064,0.59
1065,0.57
1066,0.37
1067,-0.1
1068,0.18
1069,0.84
1070,0.55
1071,0.23
1072,0.2
1073,0.4
1074,0.15
1075,-0.08
1076,0.28
1077,0.22
1078,0.66
1079,0.13
1080,0.59
1081,0.81
1082,0.33
1083,0.31
1084,0.16
1085,-0.03
1086,-0.05
1087,0.19
1088,-0.01
1089,-0.16
1090,0.19
1091,-0.12
1092,-0.12
1093,0.02
1094,0.16
1095,0.16
1096,0.15
1097,0.02
1098,0.37
1099,0.5
1100,0.38
1101,0.42
1102,0.5
1103,0.69
1104,0.05
1105,0.24
1106,0.62
1107,0.38
1108,0.09
1109,0.33
1110,0.19
1111,-0.07
1112,-0.19
1113,-0.25
1114,-0.01
1115,0.24
1116,0.18
1117,0.13
1118,0.07
1119,0
1120,-0.12
1121,0.12
1122,-0.04
1123,-0.08
1124,0.2
1125,-0.02
1126,0.28
1127,0.11
1128,0.31
1129,0.23
1130,0.71
1131,0.25
1132,0.39
1133,0.81
1134,0.4
1135,0.4
1136,0.55
1137,0.37
1138,0.25
1139,0.23
1140,0.42
1141,0.57
1142,0.68
1143,0.3
1144,0.79
1145,0.58
1146,0.4
1147,0.46
1148,0.6
1149,0.65
1150,0.39
1151,0.42
1152,0.44
1153,0.25
1154,-0.1
1155,0.05
1156,0.29
1157,-0.08
1158,-0.04
1159,0.3
1160,-0.04
1161,0.2
1162,0.03
1163,0.16
1164,-0.08
1165,-0.05
1166,0.23
1167,-0.3
1168,-0.03
1169,-0.35
1170,-0.27
1171,-0.28
1172,-0.62
1173,-0.43
1174,-0.29
1175,-0.66
1176,-0.43
1177,-0.13
1178,-0.46
1179,-0.9
1180,-0.41
1181,-0.74
1182,-0.72
1183,-0.75
1184,-0.52
1185,-0.63
1186,-0.13
1187,-0.23
1188,-0.08
1189,-0.15
1190,-0.25
1191,-0.23
1192,-0.15
1193,-0.39
1194,-0.37
1195,-0.57
1196,-0.38
1197,-0.12
1198,-0.21
1199,-0.35
1200,-0.39
1201,-0.25
1202,-0.39
1203,-0.16
1204,-0.05
1205,-0.03
1206,-0.24
1207,0
1208,0.08
1209,0.14
1210,0.32
1211,-0.37
1212,-0.03
1213,-0.09
1214,-0.26
1215,-0.21
1216,0.08
1217,0.21
1218,0.08
1219,-0.1
1220,-0.22
1221,0.03
1222,0.22
1223,0.47
1224,-0.2
1225,0.5
1226,0.34
1227,0.54
1228,0.37
1229,0.41
1230,0.19
1231,0.21
1232,0.15
1233,0.23
1234,0.14
1235,0.32
1236,0.16
1237,0.39
1238,0.33
1239,0.18
1240,0.5
1241,0.61
1242,0.61
1243,0.65
1244,1.08
1245,1.28
1246,0.92
1247,0.81
1248,0.98
1249,0.86
1250,0.84
1251,0.7
1252,1.44
1253,1.3
1254,1.9
1255,1.46
1256,1.9
1257,1.62
1258,1.89
1259,2
1260,2.03
1261,2.4
1262,2.7
1263,2.21
1264,3.15
1265,2.22
1266,1.61
1267,2.36
1268,0.45
1269,1.29
1270,0.97
1271,1.91
1272,1.59
1273,1.67
1274,1.83
1275,1.42
1276,1.06
1277,1.33
1278,0.73
1279,0.98
1280,0.86
1281,1.74
1282,0.67
1283,0.32
1284,1.32
1285,0.65
1286,0.72
1287,0.59
1288,0.41
1289,0.28
1290,0.49
1291,0.66
1292,0.51
1293,0.44
1294,0.65
1295,0.38
1296,0.33
1297,-0.07
1298,0.28
1299,0.47
1300,0.21
1301,0.4
1302,0.43
1303,0.59
1304,1.52
1305,0.93
1306,1.07
1307,0.43
1308,0.55
1309,0.68
1310,0.67
1311,1.01
1312,0.64
1313,0.74
1314,0.74
1315,0.83
1316,1.03
1317,0.88
1318,0.61
1319,0.75
1320,0.27
1321,1.52
1322,0.84
1323,0.19
1324,0.94
1325,0.22
1326,0.93
1327,1.07
1328,0.96
1329,0.99
1330,1.28
1331,1.41
1332,1.44
1333,1.68
1334,1.02
1335,0.77
1336,0.89
1337,0.98
1338,1.11
1339,0.82
1340,0.67
1341,0.23
1342,1.18
1343,0.62
1344,0.9
1345,0.49
1346,0.39
1347,0.45
1348,0.22
1349,0.39
1350,0.37
1351,0.26
1352,-0.05
1353,0.16
1354,0.02
1355,-0.04
1356,0.02
1357,0.13
1358,0.01
1359,0.73
1360,0.12
1361,-0.67
1362,0.02
1363,-0.45
1364,-0.18
1365,-0.24
1366,-0.61
1367,-0.4
1368,-0.55
1369,-0.55
1370,-0.48
1371,-0.4
1372,-0.54
1373,-0.58
1374,-0.6
1375,-0.49
1376,-0.58
1377,-0.67
1378,-0.81
1379,-0.76
1380,-0.8
1381,-0.46
1382,-0.8
1383,-0.79
1384,-0.73
1385,-0.6
1386,-0.37
1387,-0.62
1388,-0.37
1389,-0.29
1390,-0.56
1391,-0.6
1392,-0.5
1393,-0.51
1394,-0.68
1395,-0.61
1396,-0.68
1397,-0.43
1398,-0.69
1399,-0.82
1400,-0.81
1401,-0.77
1402,-0.73
1403,-0.58
1404,-0.67
1405,-0.62
1406,-0.72
1407,-0.72
1408,-0.85
1409,-0.65
1410,-0.86
1411,-0.92
1412,-0.93
1413,-0.7
1414,-0.81
1415,-0.96
1416,-0.96
1417,-1.01
1418,-0.98
1419,-0.98
1420,-0.61
1421,-0.7
1422,-0.53
1423,-0.75
1424,-0.82
1425,-0.84
1426,-0.85
1427,-0.75
1428,-0.92
1429,-0.64
1430,-0.81
1431,-1
1432,-0.57
1433,-0.68
1434,-0.53
1435,-0.6
1436,-0.75
1437,-0.85
1438,-0.62
1439,-0.71
1440,-0.7
1441,-0.9
1442,-0.78
1443,-0.88
1444,-0.94
1445,-0.96
1446,-1.12
1447,-0.87
1448,-1.01
1449,-0.94
1450,-0.85
1451,-0.81
1452,-0.75
1453,-0.84
1454,-0.82
1455,-0.78
1456,-0.47
1457,-0.58
1458,-0.62
1459,-0.66
1460,-0.84
1461,-0.98
1462,-0.89
1463,-0.72
1464,-0.45
1465,-0.37
1466,-0.55
1467,-0.44
1468,-0.53
1469,-0.28
1470,-0.17
1471,-0.22
1472,-0.09
1473,-0.15
1474,0.21
1475,0.44
1476,0.31
1477,0.18
1478,0.74
1479,0.11
1480,0.09
1481,0.18
1482,0
1483,0.01
1484,-0.33
1485,-0.2
1486,-0.08
1487,-0.25
1488,-0.41
1489,-0.62
1490,-0.67
1491,-0.28
1492,-0.3
1493,-0.39
1494,-0.37
1495,-0.49
1496,-0.51
1497,-0.13
1498,-0.19
1499,-0.04
1500,-0.31
1501,-0.25
1502,0
1503,0.02
1504,0.13
1505,0.04
1506,0.28
1507,0.24
1508,0.66
1509,0.19
1510,0.32
1511,0
1512,-0.26
1513,-0.1
1514,-0.09
1515,0.07
1516,-0.4
1517,-0.13
1518,-0.43
1519,-0.5
1520,-0.63
1521,-0.61
1522,-0.67
1523,-0.58
1524,-0.64
1525,-0.68
1526,-0.62
1527,-0.68
1528,-0.78
1529,-0.84
1530,-0.93
1531,-0.99
1532,-0.8
1533,-1.06
1534,-1.17
1535,-1.04
1536,-0.96
1537,-0.95
1538,-1.04
1539,-0.93
1540,-0.93
1541,-0.92
1542,-0.94
1543,-0.88
1544,-0.82
1545,-0.82
1546,-0.81
1547,-0.93
1548,-0.96
1549,-0.59
1550,-0.46
1551,-0.59
1552,-0.51
1553,-0.46
1554,-0.07
1555,-0.41
1556,-0.26
1557,-0.26
1558,-0.42
1559,-0.51
1560,-0.36
1561,-0.55
1562,-0.44
1563,-0.44
1564,-0.61
1565,-0.61
1566,-0.58
1567,-0.51
1568,-0.55
1569,-0.41
1570,-0.45
1571,-0.59
1572,-0.6
1573,-0.66
1574,-0.73
1575,-0.78
1576,-0.74
1577,-0.66
1578,-0.62
1579,-0.51
1580,-0.31
1581,-0.49
1582,-0.29
1583,-0.53
1584,-0.35
1585,-0.35
1586,-0.49
1587,-0.52
1588,-0.49
1589,-0.52
1590,-0.45
1591,-0.39
1592,-0.75
1593,-0.84
1594,-1.07
1595,-0.88
1596,-0.88
1597,-0.93
1598,-1.04
1599,-1.04
1600,-1.01
1601,-0.94
1602,-0.91
1603,-0.84
1604,-0.66
1605,-0.81
1606,-1.03
1607,-0.84
1608,-0.84
1609,-0.89
1610,-0.82
1611,-0.71
1612,-0.7
1613,-0.66
1614,-0.79
1615,-0.76
1616,-0.86
1617,-0.87
1618,-0.78
1619,-0.76
1620,-0.93
1621,-0.94
1622,-1.02
1623,-0.84
1624,-1.05
1625,-0.99
1626,-1.01
1627,-0.88
1628,-0.93
1629,-0.84
1630,-0.96
1631,-0.82
1632,-0.66
1633,-0.74
1634,-0.71
1635,-0.8
1636,-0.78
1637,-0.86
1638,-0.92
1639,-0.89
1640,-0.93
1641,-1.07
1642,-1.19
1643,-1.08
1644,-1.09
1645,-1.09
1646,-1.08
1647,-1.15
1648,-1.05
1649,-1.15
1650,-0.99
1651,-1.02
1652,-0.96
1653,-0.98
1654,-0.84
1655,-0.98
1656,-0.9
1657,-0.88
1658,-0.8
1659,-0.84
1660,-0.9
1661,-0.7
1662,-0.86
1663,-0.79
1664,-0.79
1665,-0.87
1666,-1
1667,-0.86
1668,-0.97
1669,-0.73
1670,-0.79
1671,-0.96
1672,-0.82
1673,-0.87
1674,-0.75
1675,-0.72
1676,-0.57
1677,-0.7
1678,-0.69
1679,-0.72
1680,-0.57
1681,-0.79
1682,-0.7
1683,-0.48
1684,-0.52
1685,-0.5
1686,-0.72
1687,-0.51
1688,-0.52
1689,-0.43
1690,-0.67
1691,-0.52
1692,-0.71
1693,-0.58
1694,-0.47
1695,-0.57
1696,-0.62
1697,-0.56
1698,-0.58
1699,-0.28
1700,-0.45
1701,-0.05
1702,-0.47
1703,-0.38
1704,-0.19
1705,-0.13
1706,-0.3
1707,-0.17
1708,-0.34
1709,-0.11
1710,-0.16
1711,0.08
1712,-0.25
1713,-0.03
1714,-0.18
1715,-0.05
1716,-0.17
1717,0.02
1718,0.09
1719,-0.18
1720,-0.13
1721,0.03
1722,-0.11
1723,0.08
1724,0.07
1725,0.13
1726,0.33
1727,0
1728,0.29
1729,-0.12
1730,-0.05
1731,-0.12
1732,0.14
1733,-0.01
1734,0.1
1735,0.07
1736,0.26
1737,0.17
1738,0.08
1739,-0.11
1740,-0.03
1741,-0.11
1742,0.13
1743,0.12
1744,0.51
1745,0.3
1746,0.13
1747,0.16
1748,0.19
1749,-0.01
1750,0.04
1751,-0.02
1752,-0.11
1753,-0.19
1754,-0.33
1755,-0.36
1756,-0.18
1757,0.06
1758,-0.04
1759,-0.09
1760,-0.33
1761,-0.06
1762,-0.37
1763,-0.14
1764,-0.24
1765,-0.15
1766,-0.1
1767,-0.26
1768,-0.37
1769,-0.18
1770,-0.37
1771,-0.22
1772,-0.47
1773,-0.42
1774,-0.23
1775,-0.44
1776,-0.57
1777,-0.09
1778,-0.35
1779,-0.22
1780,-0.59
1781,-0.44
1782,-0.32
1783,-0.3
1784,-0.33
1785,-0.35
1786,-0.29
1787,-0.14
1788,0.11
1789,-0.13
1790,-0.28
1791,-0.24
1792,-0.32
1793,-0.52
1794,-0.37
1795,-0.41
1796,-0.44
1797,-0.11
1798,-0.25
1799,-0.11
1800,-0.05
1801,-0.02
1802,-0.1
1803,-0.17
1804,-0.29
1805,-0.22
1806,-0.11
1807,-0.18
1808,-0.16
1809,-0.29
1810,-0.12
1811,0.01
1812,-0.29
1813,-0.29
1814,-0.26
1815,-0.45
1816,-0.06
1817,-0.02
1818,-0.13
1819,-0.14
1820,-0.12
1821,-0.07
1822,-0.06
1823,-0.33
1824,-0.4
1825,-0.24
1826,-0.24
1827,-0.3
1828,-0.29
1829,-0.28
1830,-0.24
1831,-0.24
1832,-0.28
1833,-0.39
1834,-0.58
1835,-0.36
1836,-0.32
1837,-0.68
1838,-0.37
1839,-0.49
1840,-0.27
1841,-0.42
1842,-0.32
1843,-0.32
1844,-0.27
1845,-0.23
1846,-0.36
1847,-0.07
1848,-0.15
1849,0.05
1850,0.1
1851,-0.29
1852,-0.23
1853,0.04
1854,-0.17
1855,-0.45
1856,-0.18
1857,-0.06
1858,-0.8
1859,-0.35
1860,-0.33
1861,-0.23
1862,-0.29
1863,-0.14
1864,-0.07
1865,0.08
1866,-0.16
1867,-0.34
1868,-0.12
1869,-0.21
1870,-0.39
1871,-0.16
1872,-0.56
1873,0.08
1874,0.17
1875,-0.21
1876,-0.25
1877,-0.23
1878,-0.06
1879,-0.19
1880,-0.27
1881,-0.25
1882,-0.41
1883,-0.21
1884,-0.48
1885,-0.59
1886,-0.48
1887,-0.4
1888,-0.76
1889,-0.6
1890,-0.77
1891,-0.61
1892,-0.72
1893,-0.89
1894,-0.82
1895,-0.98
1896,-0.63
1897,-0.7
1898,-0.83
1899,-0.61
1900,-0.63
1901,-0.76
1902,-0.8
1903,-0.66
1904,-0.88
1905,-0.82
1906,-0.87
1907,-0.85
1908,-1.32
1909,-0.9
1910,-0.47
1911,-0.65
1912,-0.52
1913,-0.31
1914,0.33
1915,-0.52
1916,-0.33
1917,-0.23
1918,-0.08
1919,-0.33
1920,-0.75
1921,-0.62
1922,-0.09
1923,-0.91
1924,-0.03
1925,-0.16
1926,-0.35
1927,-0.25
1928,-0.08
1929,-0.38
1930,-0.28
1931,-0.12
1932,-0.42
1933,-0.15
1934,-0.16
1935,-0.43
1936,-0.35
1937,-0.01
1938,-0.13
1939,0.4
1940,0.24
1941,0.02
1942,0.07
1943,0.47
1944,0.33
1945,0.23
1946,0.16
1947,-0.22
1948,-0.08
1949,-0.17
1950,-0.23
1951,0.01
1952,-0.05
1953,-0.1
1954,-0.23
1955,-0.49
1956,-0.17
1957,-0.38
1958,-0.7
1959,-0.56
1960,-0.54
1961,-0.4
1962,-0.37
1963,-0.5
1964,-0.3
1965,0
1966,0.03
1967,-0.12
1968,-0.06
1969,-0.27
1970,-0.14
1971,-0.31
1972,-0.09
1973,0.44
1974,0.42
1975,0.47
1976,0.35
1977,0.59
1978,0.19
1979,0.11
1980,0.44
1981,0.03
1982,0.16
1983,0.36
1984,-0.02
1985,0.18
1986,0.46
1987,0.12
1988,0.14
1989,0.12
1990,0.17
1991,0.73
1992,0.04
1993,0.09
1994,0.56
1995,0.48
1996,0.34
1997,0.61
1998,0.03
1999,0.73
2000,0.95
2001,1.27
2002,0.84
2003,0.62
2004,0.36
2005,0.56
2006,0.41
2007,0.41
2008,0.29
2009,0.43
2010,0.55
2011,0.55
2012,0.72
2013,0.78
2014,1.01
2015,0.5
2016,0.54
2017,0.34
2018,0.62
2019,0.57
2020,-0.09
2021,0.39
2022,-0.37
2023,0.61
2024,0.5
2025,0.28
2026,0.04
2027,0.57
2028,0.94
2029,0.71
2030,0.58
2031,0.64
2032,0.64
2033,0.15
2034,0.44
2035,0.15
2036,0.56
2037,0.79
2038,0.96
2039,0.73
2040,0.39
2041,0.6
2042,1.19
2043,1.16
2044,1.59
2045,1.53
2046,1.5
2047,1.58
2048,1.56
2049,1.37
2050,1.17
2051,0.76
2052,1
2053,0.29
2054,1.05
2055,0.71
2056,0.49
2057,0.23
2058,0.41
2059,0.61
2060,1.25
2061,0.97
2062,2.32
2063,2.52
2064,2.4
2065,0.73
2066,0.17
2067,-0.08
2068,2.85
2069,1.75
2070,0.88
2071,0.06
2072,1.97
2073,0.44
2074,-0.05
2075,-0.16
2076,0.25
2077,0.39
2078,-0.13
2079,-0.19
2080,0.14
2081,-0.38
2082,-0.11
2083,-0.19
2084,-0.13
2085,0.63
2086,-0.27
2087,0.28
2088,0.85
2089,0.2
2090,0.26
2091,0.11
2092,0.28
2093,-0.08
2094,-0.22
2095,0.34
2096,-0.3
2097,0.23
2098,0.77
2099,0.34
2100,0.11
2101,-0.11
2102,0.36
2103,-0.46
2104,0.17
2105,0.14
2106,0.93
2107,0.61
2108,0.5
2109,-0.08
2110,-0.1
2111,0
2112,0.17
2113,0.17
2114,0.09
2115,1.32
2116,1.04
2117,0.69
2118,0.69
2119,-0.35
2120,0.42
2121,-0.43
2122,-0.1
2123,0.31
2124,-0.05
2125,0.52
2126,0.39
2127,0.42
2128,0.69
2129,0.74
2130,-0.11
2131,0.31
2132,0.2
2133,0.14
2134,-0.08
2135,0.93
2136,0.22
2137,0.64
2138,0.28
2139,0.11
2140,0.32
2141,0.14
2142,0.11
2143,-0.09
2144,0.21
2145,0.06
2146,0.43
2147,0.37
2148,0.84
2149,0.47
2150,0.77
2151,0.69
2152,-0.19
2153,0.2
2154,0.36
2155,-0.13
2156,0.25
2157,-0.62
2158,0.61
2159,0.5
2160,1.07
2161,0.93
2162,0.47
2163,0.96
2164,1.07
2165,0.93
2166,1.26
2167,0.03
2168,0.22
2169,0.37
2170,0.44
2171,0.55
2172,-0.21
2173,0.77
2174,0.14
2175,0.55
2176,0.39
2177,0.17
2178,-0.08
2179,0.14
2180,1.26
2181,0.09
2182,-0.02
2183,-0.15
2184,-0.31
2185,-0.38
2186,-0.48
2187,0.43
2188,0.61
2189,-0.53
2190,0.03
2191,0.14
2192,0.36
2193,0.24
2194,0.13
2195,0.14
2196,-0.18
2197,-0.15
2198,-0.51
2199,-0.17
2200,-0.37
2201,-0.25
2202,-0.42
2203,-0.09
2204,-0.48
2205,-0.48
2206,-0.21
2207,-0.69
2208,-0.43
2209,-0.65
2210,-0.66
2211,0
2212,-0.23
2213,-0.76
2214,-0.62
2215,-0.01
2216,0.27
2217,0.93
2218,-0.16
2219,0.28
2220,0.08
2221,0.58
2222,0.17
2223,0.25
2224,-0.43
2225,0.47
2226,-0.05
2227,0.03
2228,0.17
2229,0
2230,0.93
2231,0.88
2232,0.23
2233,0.53
2234,-0.03
2235,-0.24
2236,0.25
2237,0.11
2238,-0.16
2239,0.42
2240,0.91
2241,0.36
2242,-0.43
2243,0.36
2244,0.22
2245,0.96
2246,1.02
2247,0.47
2248,-0.24
2249,0.03
2250,0.85
2251,0.25
2252,-0.02
2253,0.5
2254,0.06
2255,1.24
2256,1.15
2257,1.09
2258,1.02
2259,2.22
2260,0.91
2261,1.07
2262,2
2263,0.91
2264,1.78
2265,0.42
2266,3.01
2267,0.03
2268,1.56
2269,0.31
2270,0.58
2271,1.02
2272,1.21
2273,1.7
2274,0.93
2275,0.91
2276,1.91
2277,2.05
2278,0.93
2279,0.63
2280,1.32
2281,0.74
2282,1.59
2283,2.36
2284,2.49
2285,3.37
2286,2.38
2287,0.31
2288,0.64
2289,0.41
2290,1.04
2291,0.53
2292,0.6
2293,1.18
2294,1.89
2295,0.79
2296,0.27
2297,0.14
2298,0.76
2299,0.08
2300,0.05
2301,0.06
2302,-0.3
2303,0.05
2304,-0.44
2305,-0.24
2306,-0.27
2307,0.11
2308,-0.19
2309,-0.01
2310,-0.22
2311,-0.25
2312,-0.62
2313,-0.32
2314,-0.52
2315,-0.32
2316,-0.52
2317,-0.53
2318,-0.34
2319,-0.38
2320,-0.77
2321,-0.73
2322,-0.56
2323,-0.43
2324,-0.46
2325,-0.52
2326,-0.65
2327,-0.4
2328,-0.53
2329,-0.59
2330,-0.74
2331,-0.71
2332,-0.78
2333,-0.44
2334,-0.52
2335,-0.5
2336,-0.5
2337,-0.39
2338,-0.08
2339,0.22
2340,-0.61
2341,-0.25
2342,0.33
2343,0.19
2344,0.23
2345,0.02
2346,-0.1
2347,-0.04
2348,-0.03
2349,0.01
2350,-0.11
2351,-0.18
2352,0.03
2353,-0.14
2354,0.08
2355,-0.12
2356,0.14
2357,0.27
2358,0.3
2359,0.17
2360,0.27
2361,0.13
2362,0.3
2363,0.05
2364,0.07
2365,0
2366,0.5
2367,-0.34
2368,-0.09
2369,-0.43
2370,0.06
2371,0.41
2372,0.15
2373,0.24
2374,0.27
2375,-0.09
2376,0.41
2377,0.4
2378,-0.33
2379,-0.41
2380,-0.27
2381,-0.2
2382,0.73
2383,0.58
2384,0.8
2385,0.4
2386,-0.01
2387,-0.43
2388,-0.23
2389,-0.26
2390,0.73
2391,0.65
2392,0.88
2393,0.01
2394,0.51
2395,1.21
2396,0.93
2397,1.19
2398,0.35
2399,1.86
2400,0.37
2401,1.63
2402,2.38
2403,2.21
2404,3.72
2405,3.95
2406,4.55
2407,3.89
2408,3.8
2409,2.78
2410,4.02
2411,4.13
2412,4.47
2413,3.58
2414,3.05
2415,4.27
2416,4.49
2417,4.69
2418,6.69
2419,2.32
2420,2.21
2421,1.36
2422,1.28
2423,1.32
2424,0.64
2425,1.48
2426,1.51
2427,2.15
2428,2.12
2429,1.05
2430,2.81
2431,1.37
2432,1.25
2433,0.95
2434,2.19
2435,0.8
2436,1.52
2437,1.32
2438,2.05
2439,0.87
2440,2.06
2441,1.59
2442,1.72
2443,1.49
2444,1.26
2445,1.12
2446,1.35
2447,1.07
2448,0.17
2449,1.46
2450,0.27
2451,1.3
2452,0.4
2453,0.6
2454,0.13
2455,0.25
2456,0.41
2457,1.12
2458,0.43
2459,0.18
2460,-0.19
2461,0.07
2462,0.02
2463,0.37
2464,-0.05
2465,0.4
2466,0.1
2467,0.49
2468,0.13
2469,0.12
2470,-0.05
2471,-0.14
2472,-0.25
2473,-0.39
2474,-0.61
2475,-0.4
2476,-0.32
2477,-0.05
2478,-0.38
2479,-0.21
2480,-0.29
2481,-0.13
2482,-0.38
2483,-0.57
2484,-0.23
2485,-0.55
2486,-0.74
2487,-0.6
2488,-0.36
2489,-0.48
2490,-0.78
2491,-0.52
2492,-0.33
2493,-0.06
2494,-0.54
2495,-0.77
2496,-0.43
2497,-0.53
2498,-0.69
2499,-0.7
2500,-0.56
2501,-0.68
2502,-0.51
2503,-0.61
2504,-0.95
2505,-0.52
2506,-0.84
2507,-0.79
2508,-0.56
2509,-0.45
2510,-0.48
2511,-0.69
2512,-0.44
2513,-0.43
2514,-0.55
2515,-0.91
2516,-0.96
2517,-0.81
2518,-0.84
2519,-1.02
2520,-0.95
2521,-0.75
2522,-0.76
2523,-0.81
2524,-0.87
2525,-0.76
2526,-0.7
2527,-0.66
2528,-0.69
2529,-0.88
2530,-0.59
2531,-0.86
2532,-0.78
2533,-0.76
2534,-0.68
2535,-0.59
2536,-0.9
2537,-0.53
2538,-0.61
2539,-0.95
2540,-0.89
2541,-0.56
2542,-0.53
2543,-0.98
2544,-0.65
2545,-0.61
2546,-0.49
2547,-0.71
2548,-0.46
2549,-0.74
2550,-0.59
2551,-0.67
2552,-0.84
2553,-0.48
2554,-0.41
2555,-0.42
2556,-0.31
2557,-0.59
2558,-0.54
2559,-0.7
2560,-0.58
2561,-0.88
2562,-0.58
2563,-0.68
2564,-0.66
2565,-0.4
2566,-0.51
2567,-0.5
2568,-0.24
2569,-0.31
2570,-0.44
2571,-0.33
2572,0.55
2573,0.17
2574,-0.42
2575,0.06
2576,0.04
2577,0.47
2578,-0.89
2579,-0.62
2580,-0.68
2581,-0.96
2582,-0.28
2583,-0.64
2584,-1.02
2585,-0.48
2586,-0.48
2587,-0.74
2588,-0.19
2589,-0.47
2590,-0.57
2591,-0.93
2592,-0.5
2593,-0.22
2594,-0.77
2595,-0.44
2596,-0.32
2597,-0.45
2598,-0.6
2599,-0.27
2600,-0.22
2601,-0.15
2602,0.18
2603,0.33
2604,-0.38
2605,-0.2
2606,-0.16
2607,0.07
2608,0.09
2609,-0.07
2610,-0.31
2611,-0.22
2612,-0.27
2613,0.01
2614,0.13
2615,-0.05
2616,0.03
2617,0.07
2618,0.37
2619,0.65
2620,0.57
2621,0.49
2622,-0.06
2623,0
2624,0.56
2625,0.2
2626,0.59
2627,-0.01
2628,0.05
2629,0.43
2630,0.17
2631,1.43
2632,1.01
2633,0.22
2634,-0.11
2635,0.46
2636,0.95
2637,0.92
2638,0.24
2639,0.29
2640,0.76
2641,1.17
2642,1.51
2643,0.95
2644,2.15
2645,0.53
2646,0.65
2647,0.57
2648,0.38
2649,0.88
2650,0.24
2651,0.35
2652,0.45
2653,1.29
2654,1.11
2655,1.67
2656,0.15
2657,0.34
2658,0.35
2659,1.31
2660,1.05
2661,0.65
2662,0.49
2663,0.55
2664,0.22
2665,0.81
2666,1.01
2667,0.75
2668,0.81
2669,-0.13
2670,-0.11
2671,-0.32
2672,0.37
2673,0.04
2674,0.12
2675,0.01
2676,0.59
2677,0.11
2678,-0.09
2679,-0.16
2680,0.31
2681,0.16
2682,0.08
2683,-0.24
2684,0.01
2685,-0.13
2686,-0.19
2687,-0.45
2688,-0.36
2689,0.09
2690,0.67
2691,-0.09
2692,0.05
2693,-0.09
2694,-0.13
2695,0.03
2696,-0.21
2697,-0.52
2698,-0.23
2699,-0.4
2700,-0.42
2701,0.01
2702,-0.45
2703,-0.04
2704,-0.08
2705,-0.21
2706,0.16
2707,-0.29
2708,1.31
2709,0.74
2710,0.05
2711,0.18
2712,-0.02
2713,0.41
2714,0.18
2715,0.61
2716,0.39
2717,-0.3
2718,-0.77
2719,-0.85
2720,-0.63
2721,-0.82
2722,-0.67
2723,-0.53
2724,-0.75
2725,-0.58
2726,-0.23
2727,0.33
2728,0.21
2729,-0.46
2730,-0.72
2731,-0.59
2732,-0.6
2733,-0.55
2734,-0.78
2735,-0.55
2736,-0.51
2737,-0.12
2738,-0.7
2739,-0.46
2740,-0.39
2741,-0.54
2742,0.3
2743,-0.06
2744,0.01
2745,0.03
2746,-0.21
2747,0.69
2748,0.39
2749,2.52
2750,0.61
2751,0.5
2752,0.85
2753,0.44
2754,0.44
2755,1.35
2756,1.65
2757,0.6
2758,0.85
2759,1.35
2760,-0.08
2761,0.03
2762,0.39
2763,-0.32
2764,-0.1
2765,0.82
2766,1.18
2767,0.2
2768,-0.13
2769,-0.76
2770,-0.66
2771,-0.75
2772,-0.58
2773,-0.74
2774,-0.37
2775,-0.43
2776,-0.13
2777,-0.46
2778,-0.55
2779,0.17
2780,0.06
2781,-0.46
2782,-0.84
2783,-0.76
2784,-0.49
2785,-0.73
2786,-0.35
2787,-0.08
2788,-0.46
2789,-0.27
2790,-0.11
2791,-0.16
2792,-0.57
2793,-0.24
2794,-0.79
2795,-0.16
2796,-0.24
2797,0.88
2798,1.04
2799,1.03
2800,1.1
2801,0.1
2802,-0.04
2803,0.07
2804,-0.24
2805,-0.29
2806,-0.11
2807,-0.14
2808,-0.51
2809,-0.35
2810,-0.24
2811,-0.27
2812,-0.43
2813,-0.24
2814,-0.29
2815,0.91
2816,-0.22
2817,0.08
2818,-0.34
2819,-0.57
2820,-0.88
2821,-0.43
2822,-0.78
2823,-0.93
2824,-0.81
2825,-0.69
2826,-0.93
2827,-0.59
2828,-0.25
2829,-0.32
2830,-0.64
2831,-1
2832,-0.43
2833,-0.19
2834,-0.45
2835,-0.52
2836,-0.62
2837,-0.79
2838,-0.67
2839,-0.68
2840,-0.62
2841,-0.19
2842,0.52
2843,-0.82
2844,1.02
2845,-0.05
2846,0.42
2847,0.11
2848,-0.11
2849,-0.12
2850,-0.18
2851,1.19
2852,-0.24
2853,0.5
2854,0.21
2855,1.02
2856,1.18
2857,0.17
2858,0.23
2859,-0.4
2860,-0.29
2861,-0.73
2862,0.14
2863,-0.54
2864,-0.37
2865,-0.13
2866,-0.49
2867,-0.53
2868,-0.3
2869,-0.4
2870,-0.12
2871,-0.18
2872,-0.41
2873,-0.63
2874,-0.28
2875,0.53
2876,-0.08
2877,-0.38
2878,-0.24
2879,-0.57
2880,-0.3
2881,-0.55
2882,-0.16
2883,-0.59
2884,0.24
2885,-0.1
2886,0.24
2887,-0.5
2888,-0.02
2889,-0.1
2890,-0.45
2891,0.6
2892,0.11
2893,-0.35
2894,-0.48
2895,-0.23
2896,-0.81
2897,-0.46
2898,-0.39
2899,-0.32
2900,-0.36
2901,-0.27
2902,-0.18
2903,0.94
2904,1.24
2905,0.32
2906,0.15
2907,-0.41
2908,0.1
2909,0.06
2910,0.21
2911,-0.03
2912,-0.13
2913,-0.08
2914,0.07
2915,0.23
2916,-0.36
2917,0.7
2918,0.85
2919,0.64
2920,1.75
2921,1.37
2922,-0.12
2923,0.25
2924,0.04
2925,0.55
2926,-0.03
2927,-0.62
2928,0.46
2929,0.05
2930,0.7
2931,0.06
2932,0.48
2933,-0.06
2934,-0.06
2935,-0.27
2936,-0.03
2937,-0.56
2938,-0.19
2939,0.23
2940,-0.11
