BP,WMI
-43,0.3681
-42,-0.013
-41,0.0989
-40,0.0091
-39,-0.0807
-38,-0.1705
-37,0.1878
-36,0.3893
-35,0.5908
-34,-0.0591
-33,-0.0481
-32,-0.0371
-31,0.142
-30,0.3883
-29,0.2649
-28,0.1415
-27,0.2534
-26,0.298
-25,0.3427
-24,0.3649
-23,0.3423
-22,0.3198
-21,0.2972
-20,0.2746
-19,0.252
-18,0.0502
-17,-0.1516
-16,-0.2414
-15,-0.2042
-14,-0.167
-13,-0.1299
-12,-0.018
-11,0.0042
-10,0.0377
-9,0.0711
-8,0.0373
-7,0.0036
-6,-0.019
-5,0.0032
-4,0.0255
-3,0.0813
-2,0.1372
-1,0.1594
0,0.148
1,0.1367
2,0.0917
3,-0.0205
4,-0.0655
5,-0.1105
6,-0.1555
7,-0.2004
8,-0.223
9,-0.2456
10,-0.3279
11,-0.4102
12,-0.5822
13,-0.6607
14,-0.7393
15,-0.7843
16,-0.8293
17,-0.8294
18,-0.8072
19,-0.785
20,-0.7627
21,-0.7405
22,-0.7182
23,-0.696
24,-0.685
25,-0.6739
26,-0.6741
27,-0.6743
28,-0.6744
29,-0.6746
30,-0.6748
31,-0.6749
32,-0.6826
33,-0.6902
34,-0.6978
35,-0.6681
36,-0.6384
37,-0.6087
38,-0.5461
39,-0.4836
40,-0.421
41,-0.3584
42,-0.2958
43,-0.2288
44,-0.1617
45,-0.132
46,-0.1023
47,-0.0726
48,-0.0429
49,-0.0132
50,0.0165
51,0.0052
52,-0.0062
53,-0.0176
54,-0.0289
55,-0.0403
56,-0.0517
57,-0.063
58,-0.0744
59,-0.092
60,-0.1096
61,-0.1272
62,-0.1448
63,-0.1624
64,-0.1799
65,-0.1975
66,-0.2151
67,-0.2327
68,-0.2245
69,-0.2162
70,-0.208
71,-0.1998
72,-0.1915
73,-0.1833
74,-0.175
75,-0.1668
76,-0.1595
77,-0.1522
78,-0.1449
79,-0.1376
80,-0.1303
81,-0.123
82,-0.1157
83,-0.1084
84,-0.1011
85,-0.1012
86,-0.1014
87,-0.1295
88,-0.1577
89,-0.1859
90,-0.2141
91,-0.175
92,-0.136
93,-0.0969
94,-0.0579
95,-0.0132
96,0.0314
97,0.0929
98,0.1544
99,0.2158
100,0.2773
101,0.2398
102,0.2023
103,0.1647
104,0.1534
105,0.142
106,0.1307
107,0.1193
108,0.1807
109,0.2422
110,0.3037
111,0.3651
112,0.4098
113,0.4544
114,0.4543
115,0.4541
116,0.4539
117,0.4538
118,0.3976
119,0.3414
120,0.2852
121,0.2291
122,0.1841
123,0.157
124,0.13
125,0.103
126,0.0759
127,0.0489
128,0.0935
129,0.1382
130,0.1828
131,0.2275
132,0.2273
133,0.272
134,0.2494
135,0.2268
136,0.2939
137,0.3609
138,0.2936
139,0.2822
140,0.2708
141,0.2931
142,0.3153
143,0.248
144,0.1806
145,0.1132
146,0.0458
147,-0.0215
148,-0.0889
149,-0.1115
150,-0.134
151,-0.0838
152,-0.0335
153,0.0167
154,0.067
155,0.2012
156,0.2683
157,0.3354
158,0.4024
159,0.4471
160,0.4917
161,0.4748
162,0.4578
163,0.4408
164,0.4239
165,0.4611
166,0.4982
167,0.5354
168,0.5577
169,0.5314
170,0.5051
171,0.4788
172,0.4525
173,0.4262
174,0.3999
175,0.396
176,0.3921
177,0.3882
178,0.3843
179,0.3804
180,0.3765
181,0.3316
182,0.3239
183,0.3163
184,0.3087
185,0.4038
186,0.4988
187,0.5939
188,0.689
189,0.6776
190,0.6663
191,0.5485
192,0.4307
193,0.3129
194,0.1951
195,0.0829
196,0.0648
197,0.0468
198,0.0287
199,0.0106
200,-0.0075
201,-0.0637
202,-0.1198
203,-0.1088
204,-0.0977
205,-0.0867
206,-0.0756
207,0.0064
208,0.0884
209,0.1704
210,0.1926
211,0.1887
212,0.1848
213,0.1809
214,0.1771
215,0.1732
216,0.1693
217,0.1691
218,0.169
219,0.1688
220,0.1687
221,0.176
222,0.1833
223,0.1906
224,0.1979
225,0.2052
226,0.2125
227,0.2348
228,0.257
229,0.2793
230,0.3015
231,0.3238
232,0.346
233,0.2507
234,0.1553
235,0.0599
236,-0.0355
237,-0.002
238,0.0314
239,0.0649
240,0.0983
241,0.1318
242,0.1653
243,0.1707
244,0.1762
245,0.1816
246,0.1871
247,0.2157
248,0.2444
249,0.273
250,0.3017
251,0.3303
252,0.359
253,0.3876
254,0.3501
255,0.3126
256,0.2751
257,0.2377
258,0.2002
259,0.1627
260,0.0673
261,-0.0281
262,-0.1235
263,-0.2188
264,-0.2265
265,-0.2341
266,-0.2417
267,-0.2493
268,-0.2569
269,-0.2646
270,-0.2143
271,-0.1641
272,-0.1138
273,-0.0635
274,-0.1384
275,-0.2132
276,-0.288
277,-0.3554
278,-0.4228
279,-0.4901
280,-0.4642
281,-0.4382
282,-0.4122
283,-0.3862
284,-0.3602
285,-0.3342
286,-0.3288
287,-0.3233
288,-0.3179
289,-0.3124
290,-0.2603
291,-0.2081
292,-0.156
293,-0.1039
294,-0.0518
295,0.0004
296,-0.1062
297,-0.2128
298,-0.3194
299,-0.4259
300,-0.3925
301,-0.359
302,-0.3256
303,-0.2921
304,-0.2586
305,-0.2252
306,-0.1843
307,-0.1433
308,-0.1024
309,-0.0615
310,-0.0205
311,0.0204
312,-0.0134
313,-0.0471
314,-0.0809
315,-0.1146
316,-0.1372
317,-0.1597
318,-0.1823
319,-0.2049
320,-0.2274
321,-0.25
322,-0.2837
323,-0.3175
324,-0.3512
325,-0.385
326,-0.3329
327,-0.2807
328,-0.2286
329,-0.1765
330,-0.1243
331,-0.0722
332,-0.1172
333,-0.1621
334,-0.2071
335,-0.252
336,-0.297
337,-0.342
338,-0.3309
339,-0.3198
340,-0.3088
341,-0.2977
342,-0.3091
343,-0.3204
344,-0.343
345,-0.3655
346,-0.3881
347,-0.4106
348,-0.4052
349,-0.3997
350,-0.3943
351,-0.3888
352,-0.3591
353,-0.3294
354,-0.2996
355,-0.2699
356,-0.2402
357,-0.2105
358,-0.233
359,-0.2556
360,-0.2781
361,-0.3007
362,-0.3232
363,-0.3458
364,-0.3683
365,-0.3517
366,-0.335
367,-0.3183
368,-0.3017
369,-0.328
370,-0.3542
371,-0.3805
372,-0.4068
373,-0.4331
374,-0.4594
375,-0.4707
376,-0.4821
377,-0.4934
378,-0.5048
379,-0.4825
380,-0.4602
381,-0.438
382,-0.4157
383,-0.3935
384,-0.3712
385,-0.3685
386,-0.3659
387,-0.3632
388,-0.3606
389,-0.3579
390,-0.3553
391,-0.3526
392,-0.3499
393,-0.3473
394,-0.3446
395,-0.342
396,-0.3393
397,-0.3367
398,-0.334
399,-0.3313
400,-0.3287
401,-0.3562
402,-0.3837
403,-0.4113
404,-0.4388
405,-0.4663
406,-0.4939
407,-0.5214
408,-0.5489
409,-0.5764
410,-0.581
411,-0.5857
412,-0.5903
413,-0.5949
414,-0.5995
415,-0.5773
416,-0.555
417,-0.5328
418,-0.5105
419,-0.4882
420,-0.4809
421,-0.4736
422,-0.4662
423,-0.4589
424,-0.4516
425,-0.4442
426,-0.4369
427,-0.4296
428,-0.4223
429,-0.3664
430,-0.3105
431,-0.2466
432,-0.1828
433,-0.1189
434,-0.055
435,0.0089
436,0.0727
437,0.1366
438,0.1141
439,0.0915
440,0.069
441,0.0464
442,0.0239
443,0.0013
444,-0.0212
445,-0.0437
446,-0.0663
447,-0.0664
448,-0.0616
449,-0.0567
450,-0.0519
451,-0.0471
452,-0.0422
453,-0.0374
454,-0.0325
455,-0.0277
456,-0.0229
457,-0.0286
458,-0.0343
459,-0.0401
460,-0.0458
461,-0.0572
462,-0.0685
463,-0.0798
464,-0.0912
465,-0.1025
466,-0.1139
467,-0.0543
468,0.0054
469,0.065
470,0.0984
471,0.1319
472,0.1654
473,0.1989
474,0.3219
475,0.445
476,0.5681
477,0.736
478,0.7079
479,0.6798
480,0.6516
481,0.5787
482,0.5169
483,0.4552
484,0.3934
485,0.3316
486,0.3629
487,0.3941
488,0.4253
489,0.4566
490,0.4878
491,0.4205
492,0.3531
493,0.2857
494,0.2632
495,0.2407
496,0.2181
497,0.1956
498,0.173
499,0.1864
500,0.1997
501,0.213
502,0.2263
503,0.2396
504,0.2096
505,0.1796
506,0.1496
507,0.142
508,0.1344
509,0.1267
510,0.149
511,0.1713
512,0.1992
513,0.227
514,0.2549
515,0.2828
516,0.2098
517,0.1369
518,0.0639
519,-0.009
520,-0.0136
521,-0.0183
522,-0.0229
523,-0.0275
524,-0.0321
525,-0.0378
526,-0.0436
527,-0.0493
528,-0.055
529,-0.072
530,-0.0889
531,-0.1058
532,-0.1228
533,-0.1229
534,-0.1156
535,-0.1082
536,-0.1009
537,-0.1055
538,-0.1101
539,-0.1147
540,-0.1194
541,-0.124
542,-0.1107
543,-0.0973
544,-0.084
545,-0.0707
546,-0.0574
547,-0.065
548,-0.0726
549,-0.0802
550,-0.0535
551,-0.0267
552,0.0001
553,0.0268
554,0.0536
555,-0.0026
556,-0.0587
557,-0.1037
558,-0.1486
559,-0.1543
560,-0.1601
561,-0.1658
562,-0.1715
563,-0.203
564,-0.2345
565,-0.266
566,-0.2975
567,-0.329
568,-0.3348
569,-0.3405
570,-0.3462
571,-0.3519
572,-0.3689
573,-0.3858
574,-0.4027
575,-0.4197
576,-0.459
577,-0.4984
578,-0.5377
579,-0.577
580,-0.5548
581,-0.5325
582,-0.5102
583,-0.4879
584,-0.4656
585,-0.4658
586,-0.4659
587,-0.466
588,-0.4662
589,-0.4495
590,-0.4328
591,-0.4161
592,-0.3995
593,-0.3996
594,-0.3997
595,-0.3998
596,-0.4
597,-0.4001
598,-0.3853
599,-0.3705
600,-0.3557
601,-0.3289
602,-0.3021
603,-0.2754
604,-0.2486
605,-0.2219
606,-0.2668
607,-0.3285
608,-0.3903
609,-0.452
610,-0.5138
611,-0.4915
612,-0.4692
613,-0.4469
614,-0.4605
615,-0.4741
616,-0.4876
617,-0.5012
618,-0.5148
619,-0.4981
620,-0.4814
621,-0.4647
622,-0.4481
623,-0.4571
624,-0.4662
625,-0.4753
626,-0.4844
627,-0.4935
628,-0.4768
629,-0.4601
630,-0.4435
631,-0.4268
632,-0.4157
633,-0.4046
634,-0.3935
635,-0.3825
636,-0.3736
637,-0.3648
638,-0.3559
639,-0.3471
640,-0.3383
641,-0.3234
642,-0.3086
643,-0.2938
644,-0.2805
645,-0.2672
646,-0.2539
647,-0.2405
648,-0.2272
649,-0.19
650,-0.1528
651,-0.1156
652,-0.0783
653,-0.0411
654,-0.0039
655,0.0333
656,0.0706
657,0.1078
658,0.117
659,0.1262
660,0.1354
661,0.1446
662,0.1538
663,0.1631
664,0.1723
665,0.1815
666,0.1907
667,0.1999
668,0.2091
669,0.2183
670,0.1376
671,0.0568
672,-0.024
673,-0.1048
674,-0.1856
675,-0.1913
676,-0.197
677,-0.2027
678,-0.2085
679,-0.2254
680,-0.2423
681,-0.2592
682,-0.2986
683,-0.3099
684,-0.3212
685,-0.3325
686,-0.3438
687,-0.3619
688,-0.3799
689,-0.398
690,-0.416
691,-0.4341
692,-0.479
693,-0.5239
694,-0.5689
695,-0.6138
696,-0.6139
697,-0.614
698,-0.5917
699,-0.3827
700,-0.1737
701,0.0353
702,-0.1516
703,-0.3384
704,-0.5252
705,-0.5254
706,-0.5255
707,-0.5256
708,-0.5089
709,-0.4922
710,-0.4755
711,-0.4588
712,-0.459
713,-0.4591
714,-0.4592
715,-0.5097
716,-0.5603
717,-0.6108
718,-0.6613
719,-0.6278
720,-0.5943
721,-0.5552
722,-0.5161
723,-0.477
724,-0.438
725,-0.4885
726,-0.539
727,-0.5895
728,-0.6401
729,-0.5618
730,-0.4835
731,-0.4164
732,-0.4688
733,-0.5212
734,-0.5736
735,-0.5865
736,-0.5994
737,-0.6123
738,-0.6252
739,-0.6381
740,-0.6511
741,-0.664
742,-0.6282
743,-0.5925
744,-0.5568
745,-0.521
746,-0.4853
747,-0.4496
748,-0.4138
749,-0.3781
750,-0.3424
751,-0.3066
752,-0.2945
753,-0.2824
754,-0.2703
755,-0.2582
756,-0.2461
757,-0.234
758,-0.2219
759,-0.2098
760,-0.1977
761,-0.1856
762,-0.1734
763,-0.1797
764,-0.1859
765,-0.1921
766,-0.1983
767,-0.2046
768,-0.2108
769,-0.217
770,-0.2232
771,-0.2295
772,-0.2357
773,-0.2419
774,-0.2924
775,-0.343
776,-0.3935
777,-0.444
778,-0.4217
779,-0.3994
780,-0.3771
781,-0.3548
782,-0.383
783,-0.4111
784,-0.4392
785,-0.4673
786,-0.4506
787,-0.4339
788,-0.4172
789,-0.4005
790,-0.4343
791,-0.468
792,-0.5017
793,-0.5354
794,-0.5691
795,-0.6028
796,-0.6366
797,-0.6703
798,-0.5976
799,-0.5249
800,-0.4522
801,-0.3794
802,-0.3179
803,-0.2564
804,-0.1949
805,-0.1334
806,-0.1447
807,-0.156
808,-0.1674
809,-0.1787
810,-0.1116
811,-0.0445
812,0.0227
813,-0.0139
814,-0.0504
815,-0.0869
816,-0.1234
817,-0.1599
818,-0.1965
819,-0.233
820,-0.2695
821,-0.2528
822,-0.2361
823,-0.2194
824,-0.2027
825,-0.1972
826,-0.1917
827,-0.1862
828,-0.1807
829,-0.1864
830,-0.1922
831,-0.1979
832,-0.2036
833,-0.1365
834,-0.0694
835,-0.0022
836,0.0649
837,0.0255
838,-0.0138
839,-0.0531
840,-0.0924
841,-0.0813
842,-0.0702
843,-0.0591
844,-0.048
845,-0.0313
846,-0.0146
847,0.0021
848,0.0188
849,0.0007
850,-0.0173
851,-0.0353
852,-0.0533
853,-0.0714
854,-0.0192
855,0.033
856,0.0851
857,0.1373
858,0.1895
859,0.2417
860,0.1968
861,0.1518
862,0.1517
863,0.1404
864,0.1291
865,0.1156
866,0.102
867,0.0885
868,0.0749
869,0.0838
870,0.0837
871,0.0836
872,0.0275
873,-0.0287
874,-0.0848
875,-0.1409
876,-0.0962
877,-0.0515
878,0.0156
879,0.0827
880,0.1499
881,0.2282
882,0.3065
883,0.3288
884,0.3511
885,0.3734
886,0.3957
887,0.418
888,0.4403
889,0.4626
890,0.4513
891,0.44
892,0.3615
893,0.2829
894,0.2268
895,0.1707
896,0.1482
897,0.1481
898,0.148
899,0.1479
900,0.1478
901,0.0581
902,0.0356
903,0.0444
904,0.0533
905,0.0621
906,0.071
907,0.0799
908,0.0349
909,-0.01
910,-0.0549
911,-0.0998
912,-0.0999
913,-0.1
914,-0.0889
915,-0.0778
916,-0.0667
917,-0.0556
918,-0.0557
919,-0.0558
920,-0.0559
921,-0.1008
922,-0.1457
923,-0.1906
924,-0.2355
925,-0.2805
926,-0.2694
927,-0.2583
928,-0.2584
929,-0.251
930,-0.2436
931,-0.2362
932,-0.1691
933,-0.102
934,-0.0125
935,0.077
936,0.1666
937,0.2411
938,0.3157
939,0.3903
940,0.3454
941,0.3229
942,0.3004
943,0.2779
944,0.233
945,0.1881
946,0.1432
947,0.0983
948,0.0533
949,0.0084
950,-0.0085
951,-0.0254
952,-0.0423
953,-0.0592
954,-0.0145
955,0.0526
956,0.1198
957,0.1869
958,0.254
959,0.1867
960,0.1717
961,0.1566
962,0.1416
963,0.1863
964,0.231
965,0.2085
966,0.186
967,0.1299
968,0.0738
969,0.0177
970,-0.0384
971,-0.0385
972,0.0174
973,0.0733
974,0.1292
975,0.1627
976,0.1178
977,0.0729
978,0.028
979,-0.0169
980,-0.017
981,-0.0339
982,-0.0508
983,-0.0677
984,-0.0846
985,-0.1519
986,-0.0997
987,-0.0476
988,0.0046
989,0.0605
990,0.1165
991,0.1164
992,0.0771
993,0.0377
994,-0.0016
995,-0.0409
996,-0.041
997,-0.013
998,0.0149
999,0.0428
1000,0.0707
1001,0.093
1002,0.1601
1003,0.2272
1004,0.2944
1005,0.3839
1006,0.4734
1007,0.4434
1008,0.4135
1009,0.3835
1010,0.2714
1011,0.1593
1012,0.148
1013,0.1367
1014,0.1889
1015,0.241
1016,0.2932
1017,0.3379
1018,0.3098
1019,0.2817
1020,0.2536
1021,0.2255
1022,0.2254
1023,0.3598
1024,0.4941
1025,0.6285
1026,0.7852
1027,0.7403
1028,0.6954
1029,0.6505
1030,0.6056
1031,0.5607
1032,0.5158
1033,0.4933
1034,0.4708
1035,0.4483
1036,0.4258
1037,0.4182
1038,0.4107
1039,0.4031
1040,0.4366
1041,0.4701
1042,0.5074
1043,0.5446
1044,0.5819
1045,0.5706
1046,0.5593
1047,0.5592
1048,0.5591
1049,0.559
1050,0.5589
1051,0.5588
1052,0.6035
1053,0.6408
1054,0.678
1055,0.7153
1056,0.7152
1057,0.7151
1058,0.5134
1059,0.3116
1060,0.2667
1061,0.1322
1062,0.1545
1063,0.1768
1064,0.2215
1065,0.2662
1066,0.311
1067,0.3557
1068,0.4004
1069,0.3555
1070,0.333
1071,0.3217
1072,0.3104
1073,0.3663
1074,0.4223
1075,0.3774
1076,-0.0484
1077,-0.183
1078,-0.3175
1079,-0.3624
1080,-0.3737
1081,-0.385
1082,-0.3515
1083,-0.2956
1084,-0.2359
1085,-0.1762
1086,-0.1166
1087,0.0178
1088,0.0177
1089,0.0064
1090,-0.0049
1091,0.0398
1092,0.0845
1093,0.0396
1094,-0.0053
1095,-0.0502
1096,-0.0951
1097,-0.14
1098,-0.1737
1099,-0.2074
1100,-0.2635
1101,-0.3196
1102,-0.3645
1103,-0.275
1104,-0.0174
1105,0.2402
1106,0.3745
1107,0.4193
1108,0.3445
1109,0.2697
1110,0.1949
1111,0.2733
1112,0.3516
1113,0.5868
1114,0.8219
1115,0.6501
1116,0.4782
1117,0.3063
1118,0.3063
1119,0.3136
1120,0.321
1121,0.3284
1122,0.3619
1123,0.3954
1124,0.3057
1125,0.216
1126,0.2757
1127,0.3353
1128,0.395
1129,0.4621
1130,0.4844
1131,0.5068
1132,0.5291
1133,0.4842
1134,0.4393
1135,0.4728
1136,0.5063
1137,0.551
1138,0.5957
1139,0.5957
1140,0.5956
1141,0.5955
1142,0.5954
1143,0.5953
1144,0.696
1145,0.7968
1146,0.7743
1147,0.7518
1148,0.7069
1149,0.662
1150,0.7366
1151,0.8112
1152,0.8858
1153,0.7737
1154,0.7138
1155,0.654
1156,0.5942
1157,0.6837
1158,0.7732
1159,0.8852
1160,0.9075
1161,0.8327
1162,0.7579
1163,0.6832
1164,0.6383
1165,0.6681
1166,0.6978
1167,0.7276
1168,0.7724
1169,0.8171
1170,0.6153
1171,0.4136
1172,0.421
1173,0.4284
1174,0.4357
1175,0.4469
1176,0.458
1177,0.3459
1178,0.2337
1179,0.2337
1180,0.2336
1181,0.2111
1182,0.1886
1183,0.1997
1184,0.2108
1185,0.1435
1186,0.0762
1187,0.0089
1188,0.0648
1189,0.1208
1190,0.1431
1191,0.1654
1192,0.0421
1193,-0.0813
1194,-0.0925
1195,-0.1038
1196,-0.0367
1197,0.0304
1198,0.0976
1199,0.0079
1200,-0.0221
1201,-0.0521
1202,-0.082
1203,0
1204,0.0821
1205,0.1642
1206,0.1043
1207,0.0445
1208,-0.0153
1209,-0.1349
1210,-0.2545
1211,-0.3741
1212,-0.307
1213,-0.2398
1214,-0.1727
1215,-0.1056
1216,-0.1206
1217,-0.1356
1218,-0.1506
1219,-0.1208
1220,-0.0911
1221,-0.0613
1222,-0.0464
1223,-0.0316
1224,-0.0167
1225,-0.0504
1226,-0.0841
1227,-0.0319
1228,0.0203
1229,0.0725
1230,0.1396
1231,0.2067
1232,0.2739
1233,0.341
1234,0.326
1235,0.311
1236,0.2959
1237,0.3257
1238,0.3555
1239,0.3853
1240,0.3777
1241,0.3702
1242,0.3626
1243,0.3924
1244,0.4222
1245,0.452
1246,0.4295
1247,0.407
1248,0.3845
1249,0.3247
1250,0.2649
1251,0.205
1252,0.2722
1253,0.3393
1254,0.4064
1255,0.4231
1256,0.4399
1257,0.4566
1258,0.4733
1259,0.518
1260,0.5627
1261,0.6075
1262,0.6373
1263,0.6671
1264,0.6968
1265,0.6856
1266,0.6743
1267,0.6294
1268,0.45
1269,0.2707
1270,0.0914
1271,0.1697
1272,0.248
1273,0.5168
1274,0.7856
1275,1.0544
1276,1.3232
1277,1.1961
1278,1.0691
1279,0.942
1280,0.8598
1281,0.7775
1282,0.6953
1283,0.5384
1284,0.3814
1285,0.2245
1286,0.2244
1287,0.2243
1288,0.2243
1289,0.1345
1290,0.0448
1291,-0.0449
1292,-0.03
1293,-0.0152
1294,-0.0003
1295,-0.0079
1296,-0.0154
1297,-0.023
1298,-0.0343
1299,-0.0455
1300,-0.0568
1301,-0.0681
1302,-0.0159
1303,0.0363
1304,0.0885
1305,0.0585
1306,0.0285
1307,-0.0014
1308,-0.0015
1309,-0.0016
1310,-0.0017
1311,-0.0167
1312,-0.0317
1313,-0.0467
1314,-0.0842
1315,-0.1216
1316,-0.159
1317,-0.1292
1318,-0.0995
1319,-0.0697
1320,-0.0399
1321,-0.0101
1322,0.0197
1323,0.0047
1324,-0.0103
1325,-0.0254
1326,-0.018
1327,-0.0106
1328,-0.0032
1329,0.0116
1330,0.0265
1331,0.0413
1332,0.1234
1333,0.2055
1334,0.2876
1335,0.2576
1336,0.2276
1337,0.1977
1338,0.1752
1339,0.1527
1340,0.1302
1341,0.1357
1342,0.1412
1343,0.1467
1344,0.1523
1345,0.0999
1346,0.0475
1347,-0.0048
1348,0.0249
1349,0.0547
1350,0.0845
1351,0.1517
1352,0.2188
1353,0.2859
1354,0.2709
1355,0.2559
1356,0.2408
1357,0.2408
1358,0.2407
1359,0.2406
1360,0.2629
1361,0.2852
1362,0.3075
1363,0.2776
1364,0.2476
1365,0.2177
1366,0.2176
1367,0.2175
1368,0.2174
1369,0.2024
1370,0.0668
1371,0.0534
1372,0.0996
1373,0.1459
1374,0.2146
1375,0.231
1376,0.2474
1377,0.2638
1378,0.2802
1379,0.2966
1380,0.313
1381,0.307
1382,0.301
1383,0.295
1384,0.2796
1385,0.2643
1386,0.2489
1387,0.2336
1388,0.2724
1389,0.3112
1390,0.35
1391,0.3403
1392,0.3305
1393,0.3843
1394,0.438
1395,0.4918
1396,0.441
1397,0.3901
1398,0.3393
1399,0.3856
1400,0.4319
1401,0.4781
1402,0.502
1403,0.5259
1404,0.5498
1405,0.5736
1406,0.5452
1407,0.5168
1408,0.4884
1409,0.4898
1410,0.4913
1411,0.4928
1412,0.4643
1413,0.4359
1414,0.4075
1415,0.409
1416,0.4104
1417,0.4567
1418,0.503
1419,0.5493
1420,0.5358
1421,0.5223
1422,0.5088
1423,0.5477
1424,0.5865
1425,0.6253
1426,0.7836
1427,0.7551
1428,0.7267
1429,0.6983
1430,0.7147
1431,0.7311
1432,0.7475
1433,0.7042
1434,0.6608
1435,0.6175
1436,0.5965
1437,0.5756
1438,0.6218
1439,0.6681
1440,0.7144
1441,0.6934
1442,0.6725
1443,0.6516
1444,0.6381
1445,0.6246
1446,0.6111
1447,0.4669
1448,0.3228
1449,0.313
1450,0.3033
1451,0.245
1452,0.1867
1453,0.1284
1454,0.1433
1455,0.1582
1456,0.1731
1457,0.188
1458,0.2029
1459,0.1745
1460,0.1461
1461,0.1177
1462,0.1266
1463,0.1355
1464,0.1445
1465,0.1235
1466,0.1026
1467,0.0816
1468,0.1279
1469,0.1742
1470,0.198
1471,0.2219
1472,0.2159
1473,0.2099
1474,0.2039
1475,0.1904
1476,0.1769
1477,0.1634
1478,0.1873
1479,0.2112
1480,0.2126
1481,0.2365
1482,0.2603
1483,0.2618
1484,0.2633
1485,0.2647
1486,0.3633
1487,0.4618
1488,0.5604
1489,0.5506
1490,0.5409
1491,0.5125
1492,0.484
1493,0.4556
1494,0.4123
1495,0.3689
1496,0.4973
1497,0.6258
1498,0.7542
1499,0.5428
1500,0.3314
1501,0.3403
1502,0.3492
1503,0.3582
1504,0.2028
1505,0.0474
1506,-0.108
1507,0.0876
1508,0.2833
1509,0.4789
1510,0.4692
1511,0.4594
1512,0.5057
1513,0.552
1514,0.5982
1515,0.5271
1516,0.456
1517,0.385
1518,0.3848
1519,0.3847
1520,0.3957
1521,0.4068
1522,0.4179
1523,0.4849
1524,0.552
1525,0.593
1526,0.6339
1527,0.6748
1528,0.6635
1529,0.6521
1530,0.6408
1531,0.7191
1532,0.7974
1533,0.8756
1534,0.8643
1535,0.8081
1536,0.8341
1537,0.8601
1538,0.8861
1539,0.8673
1540,0.8485
1541,0.8297
1542,0.7847
1543,0.7398
1544,0.7957
1545,0.8515
1546,0.8402
1547,0.8288
1548,0.8175
1549,0.8734
1550,0.9293
1551,0.9851
1552,0.9215
1553,0.8579
1554,0.7942
1555,0.8053
1556,0.8164
1557,0.805
1558,0.7937
1559,0.7823
1560,0.8006
1561,0.8189
1562,0.8371
1563,0.833
1564,0.8289
1565,0.8247
1566,0.8206
1567,0.7044
1568,0.5883
1569,0.4721
1570,0.4978
1571,0.5236
1572,0.5493
1573,0.5228
1574,0.4962
1575,0.4697
1576,0.4544
1577,0.439
1578,0.4125
1579,0.3859
1580,0.3594
1581,0.3403
1582,0.3212
1583,0.3022
1584,0.3652
1585,0.4283
1586,0.4914
1587,0.2632
1588,0.2591
1589,0.2549
1590,0.2508
1591,0.2765
1592,0.3023
1593,0.328
1594,0.3388
1595,0.3496
1596,0.3604
1597,0.3115
1598,0.2625
1599,0.3256
1600,0.3887
1601,0.4518
1602,0.4327
1603,0.4136
1604,0.3945
1605,0.3605
1606,0.3265
1607,0.2925
1608,0.3108
1609,0.329
1610,0.3361
1611,0.3432
1612,0.3764
1613,0.4096
1614,0.4428
1615,0.3714
1616,0.3001
1617,0.2287
1618,0.2582
1619,0.2876
1620,0.291
1621,0.2943
1622,0.2976
1623,0.2786
1624,0.2595
1625,0.2404
1626,0.2288
1627,0.2172
1628,0.2056
1629,0.2014
1630,0.1973
1631,0.223
1632,0.2488
1633,0.2745
1634,0.3152
1635,0.3558
1636,0.3293
1637,0.3028
1638,0.2762
1639,0.2945
1640,0.3127
1641,0.331
1642,0.3941
1643,0.4572
1644,0.4456
1645,0.434
1646,0.4223
1647,0.4406
1648,0.4477
1649,0.4547
1650,0.473
1651,0.5137
1652,0.5544
1653,0.6846
1654,0.5573
1655,0.4299
1656,0.4258
1657,0.3992
1658,0.3727
1659,0.4581
1660,0.3308
1661,0.2034
1662,0.2217
1663,0.1951
1664,0.1574
1665,0.1196
1666,0.1827
1667,0.2346
1668,0.2865
1669,0.1927
1670,0.2222
1671,0.2516
1672,0.0907
1673,0.0753
1674,0.06
1675,0.2127
1676,0.2533
1677,0.294
1678,0.2675
1679,0.2857
1680,0.304
1681,0.1878
1682,0.1165
1683,0.0899
1684,0.0634
1685,-0.008
1686,0.0327
1687,0.0734
1688,0.002
1689,-0.0672
1690,-0.1365
1691,-0.1833
1692,-0.2301
1693,-0.277
1694,-0.3014
1695,-0.3706
1696,-0.4399
1697,-0.3075
1698,-0.3207
1699,-0.3339
1700,-0.2239
1701,-0.2484
1702,-0.0599
1703,0.1285
1704,0.0144
1705,-0.0772
1706,-0.1689
1707,-0.1709
1708,-0.1729
1709,-0.1525
1710,-0.0649
1711,0.0003
1712,0.0655
1713,0.0186
1714,0.1174
1715,0.2162
1716,0.1246
1717,0.1226
1718,0.1318
1719,0.1409
1720,0.2061
1721,0.1817
1722,0.1573
1723,0.1329
1724,0.1084
1725,-0.0504
1726,-0.0749
1727,-0.1553
1728,-0.2357
1729,-0.305
1730,-0.3182
1731,-0.3314
1732,-0.1989
1733,-0.1783
1734,-0.1578
1735,-0.1149
1736,-0.2736
1737,-0.253
1738,-0.2325
1739,-0.3016
1740,-0.3035
1741,-0.2605
1742,-0.2176
1743,-0.1746
1744,-0.2885
1745,-0.1336
1746,-0.0906
1747,-0.0477
1748,-0.0495
1749,-0.0626
1750,-0.0757
1751,-0.0999
1752,-0.2362
1753,-0.2717
1754,-0.3072
1755,-0.2418
1756,-0.0981
1757,0.0457
1758,0.1447
1759,0.2437
1760,0.3314
1761,0.4416
1762,0.5518
1763,0.6619
1764,0.8169
1765,0.8823
1766,0.9476
1767,0.9514
1768,0.9551
1769,0.9588
1770,0.9626
1771,1.1175
1772,1.2725
1773,1.2595
1774,1.2465
1775,1.2147
1776,1.1826
1777,1.1504
1778,1.1649
1779,1.1794
1780,1.194
1781,1.2084
1782,1.1054
1783,1.0023
1784,1.0505
1785,1.0985
1786,1.1467
1787,1.1948
1788,1.1701
1789,1.1454
1790,1.2552
1791,1.2753
1792,1.2954
1793,1.3156
1794,1.3357
1795,1.2438
1796,1.152
1797,1.1048
1798,1.0577
1799,1.0256
1800,0.9935
1801,0.9612
1802,0.8619
1803,0.7626
1804,0.6632
1805,0.5041
1806,0.345
1807,0.2829
1808,0.2209
1809,0.1589
1810,0.1678
1811,0.1768
1812,0.1409
1813,0.105
1814,0.155
1815,0.205
1816,0.2551
1817,0.208
1818,0.1609
1819,0.1586
1820,0.1564
1821,0.1541
1822,0.1294
1823,0.1048
1824,0.2743
1825,0.4438
1826,0.6133
1827,0.555
1828,0.4968
1829,0.4161
1830,0.3354
1831,0.2809
1832,0.2263
1833,0.1718
1834,0.1695
1835,0.1673
1836,0.1053
1837,0.0432
1838,-0.0188
1839,-0.0509
1840,-0.083
1841,-0.1152
1842,-0.1734
1843,-0.2317
1844,-0.2788
1845,-0.281
1846,-0.2161
1847,-0.1511
1848,-0.0861
1849,-0.0548
1850,-0.0234
1851,0.0416
1852,0.1065
1853,0.1155
1854,0.1244
1855,0.1334
1856,0.1423
1857,0.1065
1858,0.0706
1859,0.0908
1860,0.1109
1861,0.1423
1862,0.1737
1863,0.1117
1864,0.0497
1865,-0.0123
1866,-0.0594
1867,-0.1064
1868,-0.1423
1869,-0.1781
1870,-0.1748
1871,-0.1714
1872,-0.1681
1873,-0.1647
1874,-0.0661
1875,0.0325
1876,0.0078
1877,-0.0168
1878,-0.0415
1879,-0.0661
1880,-0.0852
1881,-0.1042
1882,-0.1233
1883,-0.1423
1884,-0.0997
1885,-0.0571
1886,-0.0146
1887,0.028
1888,0.0706
1889,0.0851
1890,0.0997
1891,0.1143
1892,0.1289
1893,0.108
1894,0.0871
1895,0.0662
1896,0.0452
1897,0.0243
1898,0.0034
1899,-0.0212
1900,-0.0458
1901,-0.0705
1902,-0.0951
1903,-0.1442
1904,-0.1933
1905,-0.2423
1906,-0.2914
1907,-0.3405
1908,-0.3896
1909,-0.4386
1910,-0.4877
1911,-0.5368
1912,-0.5858
1913,-0.6349
1914,-0.6351
1915,-0.6353
1916,-0.6355
1917,-0.6357
1918,-0.6358
1919,-0.636
1920,-0.6362
1921,-0.6364
1922,-0.6366
1923,-0.6368
1924,-0.637
1925,-0.5944
1926,-0.5518
1927,-0.5092
1928,-0.4666
1929,-0.424
1930,-0.3814
1931,-0.3388
1932,-0.2962
1933,-0.2536
1934,-0.211
1935,-0.2478
1936,-0.2847
1937,-0.3215
1938,-0.3583
1939,-0.3952
1940,-0.432
1941,-0.4689
1942,-0.5016
1943,-0.5343
1944,-0.5671
1945,-0.5998
1946,-0.6043
1947,-0.6088
1948,-0.6133
1949,-0.6178
1950,-0.6223
1951,-0.6268
1952,-0.6313
1953,-0.6238
1954,-0.6163
1955,-0.6088
1956,-0.6013
1957,-0.6083
1958,-0.6154
1959,-0.6225
1960,-0.6295
1961,-0.6366
1962,-0.6436
1963,-0.6507
1964,-0.6577
1965,-0.6648
1966,-0.6718
1967,-0.6659
1968,-0.6599
1969,-0.6539
1970,-0.6479
1971,-0.6419
1972,-0.6359
1973,-0.63
1974,-0.624
1975,-0.618
1976,-0.612
1977,-0.606
1978,-0.5974
1979,-0.5888
1980,-0.5801
1981,-0.5715
1982,-0.5628
1983,-0.5542
1984,-0.5456
1985,-0.5369
1986,-0.5283
1987,-0.5197
1988,-0.4587
1989,-0.3977
1990,-0.3367
1991,-0.2757
1992,-0.2147
1993,-0.1537
1994,-0.0927
1995,-0.0317
1996,0.0292
1997,0.0902
1998,0.1512
1999,0.1115
2000,0.0719
2001,0.0322
2002,-0.0075
2003,-0.0472
2004,-0.0869
2005,-0.1266
2006,-0.1695
2007,-0.2124
2008,-0.2552
2009,-0.2981
2010,-0.3097
2011,-0.3212
2012,-0.3327
2013,-0.3442
2014,-0.3557
2015,-0.3672
2016,-0.3787
2017,-0.3903
2018,-0.4018
2019,-0.4133
2020,-0.4154
2021,-0.4176
2022,-0.4197
2023,-0.4219
2024,-0.424
2025,-0.4261
2026,-0.4283
2027,-0.4304
2028,-0.4326
2029,-0.4347
2030,-0.4368
2031,-0.4451
2032,-0.4533
2033,-0.4616
2034,-0.4698
2035,-0.4781
2036,-0.4863
2037,-0.4946
2038,-0.5028
2039,-0.5111
2040,-0.5193
2041,-0.5276
2042,-0.5323
2043,-0.5371
2044,-0.5419
2045,-0.5467
2046,-0.5515
2047,-0.5563
2048,-0.561
2049,-0.5658
2050,-0.5706
2051,-0.5754
2052,-0.5818
2053,-0.5883
2054,-0.5948
2055,-0.6012
2056,-0.6077
2057,-0.6141
2058,-0.6206
2059,-0.627
2060,-0.6251
2061,-0.6232
2062,-0.6212
2063,-0.5565
2064,-0.4918
2065,-0.4272
2066,-0.3625
2067,-0.2978
2068,-0.2331
2069,-0.1684
2070,-0.1037
2071,-0.0391
2072,0.0256
2073,0.0052
2074,-0.0153
2075,-0.0357
2076,-0.0562
2077,-0.0767
2078,-0.0971
2079,-0.1176
2080,-0.138
2081,-0.1585
2082,-0.1789
2083,-0.1994
2084,-0.2158
2085,-0.2321
2086,-0.2485
2087,-0.2649
2088,-0.2813
2089,-0.2977
2090,-0.314
2091,-0.3304
2092,-0.3468
2093,-0.3632
2094,-0.3795
2095,-0.335
2096,-0.2905
2097,-0.246
2098,-0.2014
2099,-0.1569
2100,-0.1124
2101,-0.0678
2102,-0.0233
2103,0.0212
2104,0.0657
2105,0.0876
2106,0.1095
2107,0.1314
2108,0.1532
2109,0.1751
2110,0.197
2111,0.2189
2112,0.2408
2113,0.2626
2114,0.2758
2115,0.2889
2116,0.2394
2117,0.1898
2118,0.1402
2119,0.0907
2120,0.0411
2121,-0.0085
2122,-0.0581
2123,-0.1076
2124,-0.1572
2125,-0.2068
2126,-0.1294
2127,-0.0521
2128,0.0252
2129,0.1026
2130,0.1799
2131,0.2572
2132,0.3345
2133,0.4119
2134,0.4892
2135,0.5665
2136,0.6439
2137,0.5969
2138,0.55
2139,0.5031
2140,0.4562
2141,0.4093
2142,0.3623
2143,0.3154
2144,0.2685
2145,0.2216
2146,0.1747
2147,0.1277
2148,0.114
2149,0.1003
2150,0.0866
2151,0.0729
2152,0.0592
2153,0.0454
2154,0.0317
2155,0.018
2156,0.0043
2157,-0.0094
2158,0.0172
2159,0.0438
2160,0.0704
2161,0.0971
2162,0.1237
2163,0.1503
2164,0.1769
2165,0.2035
2166,0.2301
2167,0.2567
2168,0.3035
2169,0.2627
2170,0.2219
2171,0.1811
2172,0.1403
2173,0.0995
2174,0.0587
2175,0.0179
2176,-0.0229
2177,-0.0637
2178,-0.1045
2179,-0.1453
2180,-0.1366
2181,-0.1279
2182,-0.1192
2183,-0.1105
2184,-0.1018
2185,-0.0931
2186,-0.0844
2187,-0.0758
2188,-0.0671
2189,-0.0584
2190,-0.0686
2191,-0.0789
2192,-0.0891
2193,-0.0994
2194,-0.1096
2195,-0.1199
2196,-0.1301
2197,-0.1403
2198,-0.1506
2199,-0.1608
2200,-0.1711
2201,-0.131
2202,-0.091
2203,-0.0509
2204,-0.0108
2205,0.0292
2206,0.0693
2207,0.1071
2208,0.145
2209,0.1828
2210,0.2207
2211,0.2137
2212,0.2067
2213,0.1998
2214,0.1928
2215,0.1858
2216,0.1789
2217,0.1719
2218,0.1649
2219,0.158
2220,0.151
2221,0.1508
2222,0.1141
2223,0.0775
2224,0.0408
2225,0.0042
2226,-0.0325
2227,-0.0692
2228,-0.1058
2229,-0.1425
2230,-0.0251
2231,0.0923
2232,0.2097
2233,0.3271
2234,0.4445
2235,0.5619
2236,0.6792
2237,0.7966
2238,0.7068
2239,0.6169
2240,0.527
2241,0.4372
2242,0.3473
2243,0.2574
2244,0.1676
2245,0.0777
2246,-0.0122
2247,-0.0152
2248,-0.0183
2249,-0.0213
2250,-0.0244
2251,-0.0274
2252,-0.0304
2253,-0.0335
2254,-0.0365
2255,-0.0172
2256,0.0022
2257,0.0216
2258,0.0409
2259,0.0603
2260,0.0796
2261,0.099
2262,0.1184
2263,0.1377
2264,0.1571
2265,0.1764
2266,0.1958
2267,0.2152
2268,0.2345
2269,0.2539
2270,0.2732
2271,0.3122
2272,0.3512
2273,0.3901
2274,0.4291
2275,0.4681
2276,0.507
2277,0.546
2278,0.585
2279,0.5651
2280,0.5453
2281,0.5254
2282,0.5056
2283,0.4857
2284,0.4658
2285,0.446
2286,0.4261
2287,0.4483
2288,0.4705
2289,0.4926
2290,0.5148
2291,0.5369
2292,0.5591
2293,0.5813
2294,0.6034
2295,0.6288
2296,0.6541
2297,0.6795
2298,0.7049
2299,0.7302
2300,0.7556
2301,0.7809
2302,0.8106
2303,0.8402
2304,0.8698
2305,0.8994
2306,0.9291
2307,0.9587
2308,0.936
2309,0.9134
2310,0.8823
2311,0.8513
2312,0.8202
2313,0.7892
2314,0.7581
2315,0.727
2316,0.696
2317,0.6649
2318,0.6339
2319,0.6028
2320,0.5717
2321,0.5407
2322,0.5096
2323,0.4786
2324,0.4475
2325,0.4164
2326,0.3658
2327,0.3143
2328,0.2628
2329,0.2113
2330,0.1598
2331,0.1083
2332,0.0568
2333,0.0053
2334,-0.0145
2335,-0.0342
2336,-0.054
2337,-0.0737
2338,-0.0935
2339,-0.1133
2340,-0.1143
2341,-0.1154
2342,-0.1005
2343,-0.0856
2344,-0.0707
2345,-0.0558
2346,-0.0408
2347,-0.0259
2348,-0.011
2349,-0.0177
2350,-0.0244
2351,-0.0311
2352,-0.0378
2353,-0.0445
2354,-0.0512
2355,-0.0578
2356,-0.0645
2357,-0.0516
2358,-0.0387
2359,-0.0258
2360,-0.0129
2361,0
2362,0.0129
2363,0.0258
2364,0.0388
2365,0.0573
2366,0.0758
2367,0.0943
2368,0.1128
2369,0.1313
2370,0.1498
2371,0.1683
2372,0.1869
2373,0.183
2374,0.1791
2375,0.1752
2376,0.1713
2377,0.1674
2378,0.1635
2379,0.1596
2380,0.1557
2381,0.093
2382,0.0303
2383,-0.0325
2384,-0.0952
2385,-0.1579
2386,-0.2206
2387,-0.2833
2388,-0.346
2389,-0.3023
2390,-0.2586
2391,-0.2149
2392,-0.1712
2393,-0.1275
2394,-0.0838
2395,-0.04
2396,-0.0439
2397,-0.0478
2398,-0.0518
2399,-0.0557
2400,-0.0596
2401,-0.0635
2402,-0.0674
2403,-0.0713
2404,-0.0948
2405,-0.1295
2406,-0.1642
2407,-0.1429
2408,-0.1216
2409,-0.1003
2410,-0.023
2411,0.0543
2412,0.1316
2413,0.209
2414,0.2153
2415,0.2217
2416,0.228
2417,0.2568
2418,0.2856
2419,0.3143
2420,0.3132
2421,0.3121
2422,0.311
2423,0.3323
2424,0.3536
2425,0.3749
2426,0.2692
2427,0.1635
2428,0.0579
2429,0.0045
2430,-0.0489
2431,-0.1023
2432,-0.025
2433,0.0523
2434,0.1296
2435,0.2069
2436,0.217
2437,0.2271
2438,0.2484
2439,0.2025
2440,0.1565
2441,0.1106
2442,0.1031
2443,0.0956
2444,0.088
2445,0.0805
2446,0.073
2447,0.0655
2448,0.0579
2449,0.0664
2450,0.0749
2451,0.0834
2452,0.0919
2453,0.1004
2454,0.1088
2455,0.1173
2456,0.0746
2457,0.0318
2458,-0.0109
2459,-0.0536
2460,-0.0964
2461,-0.1391
2462,-0.1818
2463,-0.1242
2464,-0.0665
2465,-0.0088
2466,0.0489
2467,0.1066
2468,0.1643
2469,0.222
2470,0.2797
2471,0.2561
2472,0.2139
2473,0.1717
2474,0.1295
2475,0.0873
2476,0.0451
2477,0.0029
2478,0.0337
2479,0.0646
2480,0.0955
2481,0.1264
2482,0.1572
2483,0.1881
2484,0.219
2485,0.2146
2486,0.2103
2487,0.206
2488,0.2016
2489,0.1973
2490,0.1929
2491,0.1886
2492,0.2227
2493,0.2567
2494,0.2908
2495,0.3249
2496,0.3589
2497,0.393
2498,0.4271
2499,0.4483
2500,0.4696
2501,0.4909
2502,0.5121
2503,0.5334
2504,0.5547
2505,0.5759
2506,0.5748
2507,0.5512
2508,0.5277
2509,0.5041
2510,0.4805
2511,0.457
2512,0.4334
2513,0.4099
2514,0.3991
2515,0.3884
2516,0.3776
2517,0.3669
2518,0.3561
2519,0.3454
2520,0.3346
2521,0.3238
2522,0.3131
2523,0.3023
2524,0.2916
2525,0.2808
2526,0.2701
2527,0.2593
2528,0.2709
2529,0.2826
2530,0.2942
2531,0.3059
2532,0.3175
2533,0.3292
2534,0.3408
2535,0.3564
2536,0.3721
2537,0.3877
2538,0.4034
2539,0.4171
2540,0.4309
2541,0.4447
2542,0.4855
2543,0.5264
2544,0.5672
2545,0.6081
2546,0.6489
2547,0.6898
2548,0.7306
2549,0.7714
2550,0.7094
2551,0.6475
2552,0.5855
2553,0.5235
2554,0.4615
2555,0.3995
2556,0.3375
2557,0.3331
2558,0.3288
2559,0.3244
2560,0.32
2561,0.3156
2562,0.3113
2563,0.3069
2564,0.3121
2565,0.3173
2566,0.3226
2567,0.3278
2568,0.333
2569,0.3382
2570,0.3434
2571,0.3647
2572,0.3859
2573,0.4071
2574,0.4284
2575,0.4496
2576,0.4708
2577,0.492
2578,0.4806
2579,0.4693
2580,0.4579
2581,0.4465
2582,0.4352
2583,0.4238
2584,0.4124
2585,0.4031
2586,0.3938
2587,0.3845
2588,0.3751
2589,0.3577
2590,0.3402
2591,0.3227
2592,0.3053
2593,0.2878
2594,0.2703
2595,0.2529
2596,0.2354
2597,0.2179
2598,0.2005
2599,0.183
2600,0.1859
2601,0.1888
2602,0.1917
2603,0.1946
2604,0.1975
2605,0.2003
2606,0.2032
2607,0.2061
2608,0.209
2609,0.2119
2610,0.2148
2611,0.1892
2612,0.1636
2613,0.1379
2614,0.1123
2615,0.0867
2616,0.061
2617,0.0354
2618,0.0098
2619,-0.0159
2620,-0.0415
2621,-0.0671
2622,-0.0708
2623,-0.0744
2624,-0.078
2625,-0.0817
2626,-0.0853
2627,-0.0889
2628,-0.0926
2629,-0.0962
2630,-0.0999
2631,-0.1035
2632,-0.1051
2633,-0.1068
2634,-0.1084
2635,-0.1101
2636,-0.1117
2637,-0.1134
2638,-0.115
2639,-0.1167
2640,-0.1184
2641,-0.1175
2642,-0.1167
2643,-0.1097
2644,-0.1028
2645,-0.0958
2646,-0.0889
2647,-0.082
2648,-0.075
2649,-0.0681
2650,-0.0611
2651,-0.0542
2652,-0.0473
2653,-0.0403
2654,-0.0374
2655,-0.0346
2656,-0.0317
2657,-0.0289
2658,-0.026
2659,-0.0231
2660,-0.0203
2661,-0.0174
2662,-0.0145
2663,-0.0117
2664,-0.0088
2665,-0.0102
2666,-0.0117
2667,-0.0131
2668,-0.0145
2669,-0.0159
2670,-0.0173
2671,-0.0188
2672,-0.0202
2673,-0.0216
2674,-0.023
2675,-0.0446
2676,-0.0841
2677,-0.1236
2678,-0.1632
2679,-0.2027
2680,-0.2422
2681,-0.2817
2682,-0.3212
2683,-0.3608
2684,-0.4003
2685,-0.4398
2686,-0.4044
2687,-0.3689
2688,-0.3335
2689,-0.298
2690,-0.2626
2691,-0.2272
2692,-0.1917
2693,-0.1563
2694,-0.1209
2695,-0.0854
2696,-0.05
2697,-0.0553
2698,-0.0606
2699,-0.0659
2700,-0.0712
2701,-0.0765
2702,-0.0819
2703,-0.0872
2704,-0.0925
2705,-0.0978
2706,-0.1031
2707,-0.1084
2708,-0.1076
2709,-0.0934
2710,-0.0791
2711,-0.0649
2712,-0.0507
2713,-0.0364
2714,-0.0222
2715,-0.0079
2716,0.0063
2717,0.0205
2718,0.0348
2719,0.0109
2720,-0.0129
2721,-0.0368
2722,-0.0606
2723,-0.0845
2724,-0.1084
2725,-0.1322
2726,-0.1561
2727,-0.1799
2728,-0.2038
2729,-0.1989
2730,-0.1941
2731,-0.1892
2732,-0.1844
2733,-0.1795
2734,-0.1746
2735,-0.1698
2736,-0.1649
2737,-0.1601
2738,-0.1552
2739,-0.1504
2740,-0.1571
2741,-0.1637
2742,-0.1704
2743,-0.1857
2744,-0.2009
2745,-0.2161
2746,-0.2313
2747,-0.2466
2748,-0.2618
2749,-0.277
2750,-0.2987
2751,-0.3427
2752,-0.3867
2753,-0.4308
2754,-0.4748
2755,-0.5188
2756,-0.5629
2757,-0.6069
2758,-0.651
2759,-0.695
2760,-0.6354
2761,-0.5758
2762,-0.5163
2763,-0.4567
2764,-0.3971
2765,-0.3375
2766,-0.2779
2767,-0.2183
2768,-0.1728
2769,-0.2168
2770,-0.2609
2771,-0.3049
2772,-0.3489
2773,-0.393
2774,-0.4371
2775,-0.4811
2776,-0.5252
2777,-0.5692
2778,-0.6133
2779,-0.6312
2780,-0.6491
2781,-0.6748
2782,-0.7005
2783,-0.7263
2784,-0.752
2785,-0.8151
2786,-0.8781
2787,-0.9412
2788,-1.0043
2789,-1.1122
2790,-1.2201
2791,-1.3279
2792,-1.4358
2793,-1.5011
2794,-1.5664
2795,-1.6318
2796,-1.6971
2797,-1.7624
2798,-1.8053
2799,-1.8482
2800,-1.8912
2801,-1.9341
2802,-1.977
2803,-1.9258
2804,-1.8746
2805,-1.8234
2806,-1.7722
2807,-1.721
2808,-1.6889
2809,-1.6568
2810,-1.6143
2811,-1.5719
2812,-1.6135
2813,-1.6551
2814,-1.6968
2815,-1.7385
2816,-1.7801
2817,-1.76
2818,-1.74
2819,-1.72
2820,-1.7001
2821,-1.6334
2822,-1.5667
2823,-1.5
2824,-1.4334
2825,-1.3668
2826,-1.3001
2827,-1.2745
2828,-1.2489
2829,-1.2233
2830,-1.1529
2831,-1.0825
2832,-1.0121
2833,-0.9417
2834,-0.8713
2835,-0.8009
2836,-0.7081
2837,-0.6153
2838,-0.5225
2839,-0.5404
2840,-0.5583
2841,-0.5762
2842,-0.5941
2843,-0.612
2844,-0.6299
2845,-0.659
2846,-0.6881
2847,-0.7172
2848,-0.7356
2849,-0.754
2850,-0.7725
2851,-0.7909
2852,-0.8093
2853,-0.8278
2854,-0.8462
2855,-0.8902
2856,-0.9343
2857,-0.9559
2858,-0.9775
2859,-0.9992
2860,-1.0209
2861,-1.0425
2862,-1.0881
2863,-1.1339
2864,-1.1795
2865,-1.2253
2866,-1.2429
2867,-1.2605
2868,-1.2783
2869,-1.2959
2870,-1.3137
2871,-1.3313
2872,-1.3491
2873,-1.3667
2874,-1.3451
2875,-1.3237
2876,-1.3085
2877,-1.2934
2878,-1.2783
2879,-1.2632
2880,-1.248
2881,-1.233
2882,-1.1842
2883,-1.1516
2884,-1.1189
2885,-1.061
2886,-1.0031
2887,-0.9452
2888,-0.8873
2889,-0.8294
2890,-0.7715
2891,-0.7136
2892,-0.6557
2893,-0.6231
2894,-0.6324
2895,-0.6417
2896,-0.651
2897,-0.6604
2898,-0.6697
2899,-0.679
2900,-0.6884
2901,-0.6977
2902,-0.7098
2903,-0.7023
2904,-0.6949
2905,-0.6874
2906,-0.6799
2907,-0.6724
2908,-0.665
2909,-0.6554
2910,-0.6459
2911,-0.6336
2912,-0.5515
2913,-0.4695
2914,-0.3874
2915,-0.3054
2916,-0.2234
2917,-0.1413
2918,-0.0593
2919,0.0228
2920,0.1048
2921,0.03
2922,-0.0448
2923,-0.1196
2924,-0.1944
2925,-0.2692
2926,-0.344
2927,-0.4188
2928,-0.4936
2929,-0.5908
2930,-0.576
2931,-0.5612
2932,-0.5464
2933,-0.5315
2934,-0.5167
2935,-0.5019
2936,-0.4871
2937,-0.4723
2938,-0.4574
2939,-0.4451
2940,-0.4384
